2026-06-03 13:07:21 | INFO     | main | ============================================================
2026-06-03 13:07:21 | INFO     | main | Démarrage du bot SeLoger
2026-06-03 13:07:21 | INFO     | main | Critères : Marseille | achat | appartement | ≤1000000€ | ≥80m² | ≥4p | ≥2ch
2026-06-03 13:07:21 | INFO     | main | Messages à envoyer : 10
2026-06-03 13:07:21 | INFO     | main | ============================================================
2026-06-03 13:07:21 | INFO     | city_resolver | Résolution du code SeLoger pour : 'Marseille'
2026-06-03 13:07:21 | ERROR    | city_resolver | Erreur HTTP lors de la résolution de 'Marseille' : HTTPSConnectionPool(host='autocomplete.seloger.com', port=443): Max retries exceeded with url: /complete?prefix=Marseille&lang=fr&country=fr&types=city%2Cdistrict%2Cstreet&max=5 (Caused by NameResolutionError("HTTPSConnection(host='autocomplete.seloger.com', port=443): Failed to resolve 'autocomplete.seloger.com' ([Errno 11001] getaddrinfo failed)"))
2026-06-03 13:07:21 | ERROR    | main | Impossible de générer l'URL : Impossible de contacter l'API SeLoger : HTTPSConnectionPool(host='autocomplete.seloger.com', port=443): Max retries exceeded with url: /complete?prefix=Marseille&lang=fr&country=fr&types=city%2Cdistrict%2Cstreet&max=5 (Caused by NameResolutionError("HTTPSConnection(host='autocomplete.seloger.com', port=443): Failed to resolve 'autocomplete.seloger.com' ([Errno 11001] getaddrinfo failed)"))
2026-06-03 13:46:32 | INFO     | main | ============================================================
2026-06-03 13:46:32 | INFO     | main | Démarrage du bot SeLoger
2026-06-03 13:46:32 | INFO     | main | Critères : Marseille | achat | appartement | <=1000000EUR | >=80m2 | >=4p | >=2ch
2026-06-03 13:46:32 | INFO     | main | Messages à envoyer : 10
2026-06-03 13:46:32 | INFO     | main | ============================================================
2026-06-03 13:46:32 | INFO     | excel_manager | Création du fichier Excel : C:\Users\tepep\Bureau\bot_agence_immo\data\annonces_contactees.xlsx
2026-06-03 13:46:33 | DEBUG    | excel_manager | 0 lien(s) déjà enregistré(s).
2026-06-03 13:46:33 | INFO     | main | 0 annonce(s) deja contactee(s) en base.
2026-06-03 13:46:33 | INFO     | scraper | Démarrage de Chrome…
2026-06-03 13:46:46 | INFO     | scraper | Chrome démarré avec succès.
2026-06-03 13:46:46 | INFO     | city_resolver | Résolution du code SeLoger pour : 'Marseille'
2026-06-03 13:49:18 | ERROR    | main | Impossible de generer l'URL : Champ de saisie de ville introuvable sur SeLoger pour 'Marseille'.
2026-06-03 13:49:22 | INFO     | scraper | Navigateur fermé.
2026-06-03 14:10:14 | INFO     | main | ============================================================
2026-06-03 14:10:14 | INFO     | main | Démarrage du bot SeLoger
2026-06-03 14:10:14 | INFO     | main | Critères : Marseille | achat | appartement | <=1000000EUR | >=80m2 | >=4p | >=2ch
2026-06-03 14:10:14 | INFO     | main | Messages à envoyer : 10
2026-06-03 14:10:14 | INFO     | main | ============================================================
2026-06-03 14:10:14 | DEBUG    | excel_manager | Fichier Excel existant chargé : C:\Users\tepep\Bureau\bot_agence_immo\data\annonces_contactees.xlsx
2026-06-03 14:10:14 | DEBUG    | excel_manager | 0 lien(s) déjà enregistré(s).
2026-06-03 14:10:14 | INFO     | main | 0 annonce(s) deja contactee(s) en base.
2026-06-03 14:10:14 | INFO     | scraper | Démarrage de Chrome…
2026-06-03 14:10:19 | INFO     | scraper | Chrome démarré avec succès.
2026-06-03 14:10:19 | INFO     | city_resolver | Résolution du code SeLoger pour : 'Marseille'
2026-06-03 14:11:12 | INFO     | city_resolver | Recherche du champ ville...
2026-06-03 14:11:12 | INFO     | city_resolver | Champ trouvé avec le sélecteur : input[placeholder='Saisir le lieu ou le code postal']
2026-06-03 14:11:34 | DEBUG    | city_resolver | Suggestions trouvées avec : li[role='option'] (13 éléments)
2026-06-03 14:11:40 | INFO     | city_resolver | Code extrait depuis les suggestions : AD08FR4491
2026-06-03 14:11:40 | INFO     | url_builder | URL generee : https://www.seloger.com/list.htm?distributionTypes=Buy&estateTypes=Apartment&locations=AD08FR4491&priceMax=1000000&spaceMin=80&numberOfRoomsMin=4&numberOfBedroomsMin=2
2026-06-03 14:11:40 | INFO     | scraper | Ouverture de l'URL de recherche : https://www.seloger.com/list.htm?distributionTypes=Buy&estateTypes=Apartment&locations=AD08FR4491&priceMax=1000000&spaceMin=80&numberOfRoomsMin=4&numberOfBedroomsMin=2
2026-06-03 14:12:34 | INFO     | scraper | Scraping page 1…
2026-06-03 14:13:25 | WARNING  | scraper | Aucune carte d'annonce détectée sur la page.
2026-06-03 14:13:26 | WARNING  | scraper | Screenshot enregistré : C:\Users\tepep\Bureau\bot_agence_immo\screenshots\erreur_no_cards_20260603_141325.png
2026-06-03 14:13:26 | INFO     | scraper | Aucune annonce sur cette page, fin du scraping.
2026-06-03 14:13:26 | INFO     | main | 0 annonce(s) trouvée(s) au total.
2026-06-03 14:13:26 | WARNING  | main | Aucune annonce récupérée. Fin du programme.
2026-06-03 14:13:30 | INFO     | scraper | Navigateur fermé.
2026-06-03 14:17:19 | INFO     | main | ============================================================
2026-06-03 14:17:19 | INFO     | main | Démarrage du bot SeLoger
2026-06-03 14:17:19 | INFO     | main | Critères : Marseille | achat | appartement | <=1000000EUR | >=80m2 | >=4p | >=2ch
2026-06-03 14:17:19 | INFO     | main | Messages à envoyer : 10
2026-06-03 14:17:19 | INFO     | main | ============================================================
2026-06-03 14:17:19 | DEBUG    | excel_manager | Fichier Excel existant chargé : C:\Users\tepep\Bureau\bot_agence_immo\data\annonces_contactees.xlsx
2026-06-03 14:17:19 | DEBUG    | excel_manager | 0 lien(s) déjà enregistré(s).
2026-06-03 14:17:19 | INFO     | main | 0 annonce(s) deja contactee(s) en base.
2026-06-03 14:17:19 | INFO     | scraper | Démarrage de Chrome…
2026-06-03 14:17:24 | INFO     | scraper | Chrome démarré avec succès.
2026-06-03 14:17:24 | INFO     | city_resolver | Résolution du code SeLoger pour : 'Marseille'
2026-06-03 14:18:20 | INFO     | city_resolver | Recherche du champ ville...
2026-06-03 14:18:20 | INFO     | city_resolver | Champ trouvé avec le sélecteur : input[placeholder='Saisir le lieu ou le code postal']
2026-06-03 14:18:42 | DEBUG    | city_resolver | Suggestions trouvées avec : li[role='option'] (13 éléments)
2026-06-03 14:18:49 | INFO     | city_resolver | Code extrait depuis les suggestions : AD08FR4491
2026-06-03 14:18:49 | INFO     | url_builder | URL generee : https://www.seloger.com/list.htm?distributionTypes=Buy&estateTypes=Apartment&locations=AD08FR4491&priceMax=1000000&spaceMin=80&numberOfRoomsMin=4&numberOfBedroomsMin=2
2026-06-03 14:18:49 | INFO     | scraper | Ouverture de l'URL de recherche : https://www.seloger.com/list.htm?distributionTypes=Buy&estateTypes=Apartment&locations=AD08FR4491&priceMax=1000000&spaceMin=80&numberOfRoomsMin=4&numberOfBedroomsMin=2
2026-06-03 14:19:43 | INFO     | scraper | Scraping page 1…
2026-06-03 14:20:33 | WARNING  | scraper | Aucune carte d'annonce détectée sur la page.
2026-06-03 14:20:33 | WARNING  | scraper | Screenshot enregistré : C:\Users\tepep\Bureau\bot_agence_immo\screenshots\erreur_no_cards_20260603_142033.png
2026-06-03 14:20:33 | INFO     | scraper | Aucune annonce sur cette page, fin du scraping.
2026-06-03 14:20:33 | INFO     | main | 0 annonce(s) trouvée(s) au total.
2026-06-03 14:20:33 | WARNING  | main | Aucune annonce récupérée. Fin du programme.
2026-06-03 14:20:38 | INFO     | scraper | Navigateur fermé.
2026-06-03 14:24:33 | INFO     | main | ============================================================
2026-06-03 14:24:33 | INFO     | main | Démarrage du bot SeLoger
2026-06-03 14:24:33 | INFO     | main | Critères : Paris | louer | appartement | <=1000EUR | >=80m2 | >=4p | >=2ch
2026-06-03 14:24:33 | INFO     | main | Messages à envoyer : 10
2026-06-03 14:24:33 | INFO     | main | ============================================================
2026-06-03 14:24:33 | DEBUG    | excel_manager | Fichier Excel existant chargé : C:\Users\tepep\Bureau\bot_agence_immo\data\annonces_contactees.xlsx
2026-06-03 14:24:33 | DEBUG    | excel_manager | 0 lien(s) déjà enregistré(s).
2026-06-03 14:24:33 | INFO     | main | 0 annonce(s) deja contactee(s) en base.
2026-06-03 14:24:33 | INFO     | scraper | Démarrage de Chrome…
2026-06-03 14:24:38 | INFO     | scraper | Chrome démarré avec succès.
2026-06-03 14:24:38 | ERROR    | main | Impossible de generer l'URL : Transaction 'louer' inconnue. Valeurs acceptées : ['achat', 'location']
2026-06-03 14:24:41 | INFO     | scraper | Navigateur fermé.
2026-06-03 14:25:26 | INFO     | main | ============================================================
2026-06-03 14:25:26 | INFO     | main | Démarrage du bot SeLoger
2026-06-03 14:25:26 | INFO     | main | Critères : Paris | location | appartement | <=1000EUR | >=80m2 | >=4p | >=2ch
2026-06-03 14:25:26 | INFO     | main | Messages à envoyer : 10
2026-06-03 14:25:26 | INFO     | main | ============================================================
2026-06-03 14:25:26 | DEBUG    | excel_manager | Fichier Excel existant chargé : C:\Users\tepep\Bureau\bot_agence_immo\data\annonces_contactees.xlsx
2026-06-03 14:25:26 | DEBUG    | excel_manager | 0 lien(s) déjà enregistré(s).
2026-06-03 14:25:26 | INFO     | main | 0 annonce(s) deja contactee(s) en base.
2026-06-03 14:25:26 | INFO     | scraper | Démarrage de Chrome…
2026-06-03 14:25:29 | INFO     | scraper | Chrome démarré avec succès.
2026-06-03 14:25:29 | INFO     | city_resolver | Résolution du code SeLoger pour : 'Paris'
2026-06-03 14:26:24 | INFO     | city_resolver | Recherche du champ ville...
2026-06-03 14:26:24 | INFO     | city_resolver | Champ trouvé avec le sélecteur : input[placeholder='Saisir le lieu ou le code postal']
2026-06-03 14:26:46 | DEBUG    | city_resolver | Suggestions trouvées avec : li[role='option'] (12 éléments)
2026-06-03 14:26:53 | INFO     | city_resolver | Code extrait depuis les suggestions : AD08FR31096
2026-06-03 14:26:53 | INFO     | url_builder | URL generee : https://www.seloger.com/classified-search?distributionTypes=Rent&estateTypes=Apartment&locations=AD08FR31096&priceMax=1000&spaceMin=80&numberOfRoomsMin=4&numberOfBedroomsMin=2
2026-06-03 14:26:53 | INFO     | scraper | URL générée : https://www.seloger.com/classified-search?distributionTypes=Rent&estateTypes=Apartment&locations=AD08FR31096&priceMax=1000&spaceMin=80&numberOfRoomsMin=4&numberOfBedroomsMin=2
2026-06-03 14:27:49 | INFO     | scraper | Scraping page 1…
2026-06-03 14:28:40 | WARNING  | scraper | Aucune carte d'annonce détectée sur la page.
2026-06-03 14:28:40 | WARNING  | scraper | Screenshot enregistré : C:\Users\tepep\Bureau\bot_agence_immo\screenshots\erreur_no_cards_20260603_142840.png
2026-06-03 14:28:40 | INFO     | scraper | Aucune annonce sur cette page, fin du scraping.
2026-06-03 14:28:40 | INFO     | main | 0 annonce(s) trouvée(s) au total.
2026-06-03 14:28:40 | WARNING  | main | Aucune annonce récupérée. Fin du programme.
2026-06-03 14:28:45 | INFO     | scraper | Navigateur fermé.
2026-06-03 14:36:50 | INFO     | main | ============================================================
2026-06-03 14:36:50 | INFO     | main | Démarrage du bot SeLoger
2026-06-03 14:36:50 | INFO     | main | Critères : Paris | location | appartement | <=1000EUR | >=80m2 | >=4p | >=2ch
2026-06-03 14:36:50 | INFO     | main | Messages à envoyer : 10
2026-06-03 14:36:50 | INFO     | main | ============================================================
2026-06-03 14:36:50 | DEBUG    | excel_manager | Fichier Excel existant chargé : C:\Users\tepep\Bureau\bot_agence_immo\data\annonces_contactees.xlsx
2026-06-03 14:36:50 | DEBUG    | excel_manager | 0 lien(s) déjà enregistré(s).
2026-06-03 14:36:50 | INFO     | main | 0 annonce(s) deja contactee(s) en base.
2026-06-03 14:36:50 | INFO     | scraper | Démarrage de Chrome…
2026-06-03 14:36:56 | INFO     | scraper | Chrome démarré avec succès.
2026-06-03 14:36:56 | INFO     | city_resolver | Résolution du code SeLoger pour : 'Paris'
2026-06-03 14:37:55 | INFO     | city_resolver | Recherche du champ ville...
2026-06-03 14:37:55 | INFO     | city_resolver | Champ trouvé avec le sélecteur : input[placeholder='Saisir le lieu ou le code postal']
2026-06-03 14:38:17 | DEBUG    | city_resolver | Suggestions trouvées avec : li[role='option'] (12 éléments)
2026-06-03 14:38:21 | INFO     | city_resolver | Code extrait depuis les suggestions : AD08FR31096
2026-06-03 14:38:21 | INFO     | url_builder | URL generee : https://www.seloger.com/classified-search?distributionTypes=Rent&estateTypes=Apartment&locations=AD08FR31096&priceMax=1000&spaceMin=80&numberOfRoomsMin=4&numberOfBedroomsMin=2
2026-06-03 14:38:21 | INFO     | scraper | URL générée : https://www.seloger.com/classified-search?distributionTypes=Rent&estateTypes=Apartment&locations=AD08FR31096&priceMax=1000&spaceMin=80&numberOfRoomsMin=4&numberOfBedroomsMin=2
2026-06-03 14:39:18 | INFO     | scraper | Scraping page 1…
2026-06-03 14:39:18 | INFO     | scraper | [DEBUG] URL actuelle     : https://www.seloger.com/classified-search?distributionTypes=Rent&estateTypes=Apartment&locations=AD08FR31096&priceMax=1000&spaceMin=80&numberOfRoomsMin=4&numberOfBedroomsMin=2
2026-06-03 14:39:18 | INFO     | scraper | [DEBUG] Titre de la page : Appartements à louer – Paris
2026-06-03 14:39:18 | INFO     | scraper | [DEBUG] HTML sauvegardé : C:\Users\tepep\Bureau\bot_agence_immo\debug\page_source.html
2026-06-03 14:39:28 | INFO     | scraper | [DEBUG] 'article' → 0 élément(s)
2026-06-03 14:39:38 | INFO     | scraper | [DEBUG] 'article a' → 0 élément(s)
2026-06-03 14:39:38 | INFO     | scraper | [DEBUG] 'a[href]' → 56 élément(s)
2026-06-03 14:39:39 | INFO     | scraper |          texte='' | href='https://www.seloger.com/classified-search?distributionTypes=Rent&estateTypes=Apartment&locations=AD08FR31096&priceMax=1000&spaceMin=80&numberOfRoomsMin=4&numberOfBedroomsMin=2#av-wlhf-skip-link-target'
2026-06-03 14:39:39 | INFO     | scraper |          texte='' | href='https://www.seloger.com/depot-annonce/'
2026-06-03 14:39:39 | INFO     | scraper |          texte='' | href='https://www.seloger.com/'
2026-06-03 14:39:39 | INFO     | scraper |          texte='' | href='https://www.seloger.com/credit-immobilier/simulateur-capacite-demprunt/#?m=header-acheter-capacite_emprunt'
2026-06-03 14:39:39 | INFO     | scraper |          texte='' | href='https://www.seloger.com/credit-immobilier/mon-financement/#?m=header-acheter-credit'
2026-06-03 14:39:39 | INFO     | scraper | [DEBUG] 'a[href*='annonce']' → 33 élément(s)
2026-06-03 14:39:39 | INFO     | scraper |          texte='' | href='https://www.seloger.com/depot-annonce/'
2026-06-03 14:39:39 | INFO     | scraper |          texte='' | href='https://www.seloger.com/depot-annonce/vente-particulier#?m=sell_mega_menu_deposit_ads_fsbo-introduction'
2026-06-03 14:39:39 | INFO     | scraper |          texte='Déposer une annonce' | href='https://www.seloger.com/depot-annonce/'
2026-06-03 14:39:39 | INFO     | scraper |          texte='' | href='https://www.seloger.com/annonces/locations/appartement/paris-16eme-75/auteuil-sud/270507175.htm?serp_view=list&search=distributionTypes%3DRent%26estateTypes%3DApartment%26locations%3DAD08FR31096%26numberOfBedroomsMin%3D2%26numberOfRoomsMin%3D4%26priceMax%3D1000%26spaceMin%3D80#ln=classified_search_results&m=classified_search_results_classified_classified_detail_M'
2026-06-03 14:39:39 | INFO     | scraper |          texte='' | href='https://www.seloger.com/annonces/locations/appartement/paris-75/269703755.htm?serp_view=list&search=distributionTypes%3DRent%26estateTypes%3DApartment%26locations%3DAD08FR31096%26numberOfBedroomsMin%3D2%26numberOfRoomsMin%3D4%26priceMax%3D1000%26spaceMin%3D80#ln=classified_search_results&m=classified_search_results_classified_classified_detail_M'
2026-06-03 14:39:39 | INFO     | scraper | [DEBUG] 'a[href*='vente']' → 2 élément(s)
2026-06-03 14:39:39 | INFO     | scraper |          texte='' | href='https://www.seloger.com/depot-annonce/vente-particulier#?m=sell_mega_menu_deposit_ads_fsbo-introduction'
2026-06-03 14:39:39 | INFO     | scraper |          texte='Zoom sur le marché' | href='https://www.seloger.com/prix-de-l-immo/vente/pays/france.htm'
2026-06-03 14:39:49 | INFO     | scraper | [DEBUG] 'a[href*='achat']' → 0 élément(s)
2026-06-03 14:39:49 | INFO     | scraper | [DEBUG] 'a[href*='immobilier']' → 5 élément(s)
2026-06-03 14:39:49 | INFO     | scraper |          texte='' | href='https://www.seloger.com/credit-immobilier/simulateur-capacite-demprunt/#?m=header-acheter-capacite_emprunt'
2026-06-03 14:39:49 | INFO     | scraper |          texte='' | href='https://www.seloger.com/credit-immobilier/mon-financement/#?m=header-acheter-credit'
2026-06-03 14:39:49 | INFO     | scraper |          texte='' | href='https://www.seloger.com/professionnels-immobilier/EtUVef5CayyV7zNfLbyZMX'
2026-06-03 14:39:49 | INFO     | scraper |          texte='71 biens à vous proposer' | href='https://www.seloger.com/professionnels-immobilier/EtUVef5CayyV7zNfLbyZMX'
2026-06-03 14:39:49 | INFO     | scraper |          texte='Contacter l'agence' | href='https://www.seloger.com/professionnels-immobilier/EtUVef5CayyV7zNfLbyZMX'
2026-06-03 14:39:49 | INFO     | scraper | [DEBUG] 'div' → 2764 élément(s)
2026-06-03 14:39:51 | INFO     | scraper |          texte='Acheter Louer Construire Bureaux & Commerces Emprunter Déménager Vendre Déposer ' | href=''
2026-06-03 14:39:52 | INFO     | scraper |          texte='Acheter Louer Construire Bureaux & Commerces Emprunter Déménager Vendre Déposer ' | href=''
2026-06-03 14:39:52 | INFO     | scraper |          texte='' | href=''
2026-06-03 14:39:52 | INFO     | scraper |          texte='Acheter Louer Construire Bureaux & Commerces Emprunter Déménager Vendre Déposer ' | href=''
2026-06-03 14:39:52 | INFO     | scraper |          texte='Acheter Louer Construire Bureaux & Commerces Emprunter Déménager Vendre Déposer ' | href=''
2026-06-03 14:39:52 | INFO     | scraper | [DEBUG] '[data-testid]' → 1185 élément(s)
2026-06-03 14:39:52 | INFO     | scraper |          texte='Acheter Louer Construire Bureaux & Commerces Emprunter Déménager Vendre Déposer ' | href=''
2026-06-03 14:39:52 | INFO     | scraper |          texte='Acheter Louer Construire Bureaux & Commerces Emprunter Déménager Vendre Déposer ' | href=''
2026-06-03 14:39:52 | INFO     | scraper |          texte='' | href=''
2026-06-03 14:39:52 | INFO     | scraper |          texte='' | href=''
2026-06-03 14:39:52 | INFO     | scraper |          texte='' | href=''
2026-06-03 14:40:02 | INFO     | scraper | [DEBUG] '[class*='card']' → 0 élément(s)
2026-06-03 14:40:12 | INFO     | scraper | [DEBUG] '[class*='listing']' → 0 élément(s)
2026-06-03 14:40:22 | INFO     | scraper | [DEBUG] '[class*='classified']' → 0 élément(s)
2026-06-03 14:40:32 | INFO     | scraper | [DEBUG] '[class*='result']' → 0 élément(s)
2026-06-03 14:41:23 | WARNING  | scraper | Aucune carte d'annonce détectée sur la page.
2026-06-03 14:41:23 | WARNING  | scraper | Screenshot enregistré : C:\Users\tepep\Bureau\bot_agence_immo\screenshots\erreur_no_cards_20260603_144123.png
2026-06-03 14:41:23 | INFO     | scraper | Aucune annonce sur cette page, fin du scraping.
2026-06-03 14:41:23 | INFO     | main | 0 annonce(s) trouvée(s) au total.
2026-06-03 14:41:23 | WARNING  | main | Aucune annonce récupérée. Fin du programme.
2026-06-03 14:41:29 | INFO     | scraper | Navigateur fermé.
2026-06-03 14:44:52 | INFO     | main | ============================================================
2026-06-03 14:44:52 | INFO     | main | Démarrage du bot SeLoger
2026-06-03 14:44:52 | INFO     | main | Critères : Paris | location | appartement | <=1000EUR | >=80m2 | >=4p | >=2ch
2026-06-03 14:44:52 | INFO     | main | Messages à envoyer : 10
2026-06-03 14:44:52 | INFO     | main | ============================================================
2026-06-03 14:44:52 | DEBUG    | excel_manager | Fichier Excel existant chargé : C:\Users\tepep\Bureau\bot_agence_immo\data\annonces_contactees.xlsx
2026-06-03 14:44:52 | DEBUG    | excel_manager | 0 lien(s) déjà enregistré(s).
2026-06-03 14:44:52 | INFO     | main | 0 annonce(s) deja contactee(s) en base.
2026-06-03 14:44:52 | INFO     | scraper | Démarrage de Chrome...
2026-06-03 14:44:57 | INFO     | scraper | Chrome démarré avec succès.
2026-06-03 14:44:57 | INFO     | city_resolver | Résolution du code SeLoger pour : 'Paris'
2026-06-03 14:45:55 | INFO     | city_resolver | Recherche du champ ville...
2026-06-03 14:45:55 | INFO     | city_resolver | Champ trouvé avec le sélecteur : input[placeholder='Saisir le lieu ou le code postal']
2026-06-03 14:46:17 | DEBUG    | city_resolver | Suggestions trouvées avec : li[role='option'] (12 éléments)
2026-06-03 14:47:00 | DEBUG    | city_resolver | Suggestions trouvées avec : ul[role='listbox'] li (12 éléments)
2026-06-03 14:47:04 | DEBUG    | city_resolver | Aucun code trouvé dans les suggestions, tentative via URL…
2026-06-03 14:47:10 | DEBUG    | city_resolver | URL après soumission : https://www.seloger.com/classified-search?distributionTypes=Buy&estateTypes=House,Apartment&locations=AD08FR31096&m=homepage_new_search_classified_search_result
2026-06-03 14:47:10 | INFO     | city_resolver | Code extrait depuis l'URL : AD08FR31096
2026-06-03 14:47:10 | INFO     | url_builder | URL generee : https://www.seloger.com/classified-search?distributionTypes=Rent&estateTypes=Apartment&locations=AD08FR31096&priceMax=1000&spaceMin=80&numberOfRoomsMin=4&numberOfBedroomsMin=2
2026-06-03 14:47:10 | INFO     | scraper | URL générée : https://www.seloger.com/classified-search?distributionTypes=Rent&estateTypes=Apartment&locations=AD08FR31096&priceMax=1000&spaceMin=80&numberOfRoomsMin=4&numberOfBedroomsMin=2
2026-06-03 14:48:05 | INFO     | scraper | Collecte des liens — page 1...
2026-06-03 14:48:05 | INFO     | scraper | [DEBUG] URL actuelle     : https://www.seloger.com/classified-search?distributionTypes=Rent&estateTypes=Apartment&locations=AD08FR31096&priceMax=1000&spaceMin=80&numberOfRoomsMin=4&numberOfBedroomsMin=2
2026-06-03 14:48:05 | INFO     | scraper | [DEBUG] Titre de la page : Appartements à louer – Paris
2026-06-03 14:48:05 | INFO     | scraper | [DEBUG] a[href*='/annonces/'] → 30 élément(s) brut(s)
2026-06-03 14:48:06 | INFO     | scraper | Stratégie principale : 30 lien(s) après filtrage.
2026-06-03 14:48:06 | INFO     | scraper | Page 1 : 30 lien(s) trouvé(s).
2026-06-03 14:48:06 | INFO     | scraper |   -> https://www.seloger.com/annonces/locations/appartement/paris-16eme-75/auteuil-sud/270507175.htm?serp_view=list&search=distributionTypes%3DRent%26estateTypes%3DApartment%26locations%3DAD08FR31096%26numberOfBedroomsMin%3D2%26numberOfRoomsMin%3D4%26priceMax%3D1000%26spaceMin%3D80#ln=classified_search_results&m=classified_search_results_classified_classified_detail_M
2026-06-03 14:48:06 | INFO     | scraper |   -> https://www.seloger.com/annonces/locations/appartement/paris-75/269703755.htm?serp_view=list&search=distributionTypes%3DRent%26estateTypes%3DApartment%26locations%3DAD08FR31096%26numberOfBedroomsMin%3D2%26numberOfRoomsMin%3D4%26priceMax%3D1000%26spaceMin%3D80#ln=classified_search_results&m=classified_search_results_classified_classified_detail_M
2026-06-03 14:48:06 | INFO     | scraper |   -> https://www.seloger.com/annonces/locations/appartement/paris-14eme-75/jean-moulin-porte-d-orleans/269386843.htm?serp_view=list&search=distributionTypes%3DRent%26estateTypes%3DApartment%26locations%3DAD08FR31096%26numberOfBedroomsMin%3D2%26numberOfRoomsMin%3D4%26priceMax%3D1000%26spaceMin%3D80#ln=classified_search_results&m=classified_search_results_classified_classified_detail_M
2026-06-03 14:48:06 | INFO     | scraper |   -> https://www.seloger.com/annonces/locations/appartement/paris-19eme-75/manin-jaures/269386787.htm?serp_view=list&search=distributionTypes%3DRent%26estateTypes%3DApartment%26locations%3DAD08FR31096%26numberOfBedroomsMin%3D2%26numberOfRoomsMin%3D4%26priceMax%3D1000%26spaceMin%3D80#ln=classified_search_results&m=classified_search_results_classified_classified_detail_M
2026-06-03 14:48:06 | INFO     | scraper |   -> https://www.seloger.com/annonces/locations/appartement/paris-15eme-75/alleray-procession/269308007.htm?serp_view=list&search=distributionTypes%3DRent%26estateTypes%3DApartment%26locations%3DAD08FR31096%26numberOfBedroomsMin%3D2%26numberOfRoomsMin%3D4%26priceMax%3D1000%26spaceMin%3D80#ln=classified_search_results&m=classified_search_results_classified_classified_detail_M
2026-06-03 14:48:57 | INFO     | scraper | 30 lien(s) d'annonces collectés au total.
2026-06-03 14:48:57 | INFO     | scraper | [1/30] Extraction : https://www.seloger.com/annonces/locations/appartement/paris-16eme-75/auteuil-sud/270507175.htm?serp_view=list&search=distributionTypes%3DRent%26estateTypes%3DApartment%26locations%3DAD08FR31096%26numberOfBedroomsMin%3D2%26numberOfRoomsMin%3D4%26priceMax%3D1000%26spaceMin%3D80#ln=classified_search_results&m=classified_search_results_classified_classified_detail_M
2026-06-03 14:53:27 | DEBUG    | scraper | Extrait : titre='Colocation
930 €
930 €
/mois
charges comprises
Comparez les déménageurs
5 pièces  
•  5 chambres  
•  90 m²  
•  4ème étage
Auteuil Sud, Paris 16ème arrondissement (75016)
9
42
72
189
289
Calculer un temps de trajet
Pour aller au travail, à l’école, ...' | prix='' | surface='' | ville=''
2026-06-03 14:53:30 | INFO     | scraper | [2/30] Extraction : https://www.seloger.com/annonces/locations/appartement/paris-75/269703755.htm?serp_view=list&search=distributionTypes%3DRent%26estateTypes%3DApartment%26locations%3DAD08FR31096%26numberOfBedroomsMin%3D2%26numberOfRoomsMin%3D4%26priceMax%3D1000%26spaceMin%3D80#ln=classified_search_results&m=classified_search_results_classified_classified_detail_M
2026-06-03 15:02:58 | INFO     | main | ============================================================
2026-06-03 15:02:58 | INFO     | main | Démarrage du bot SeLoger
2026-06-03 15:02:58 | INFO     | main | Critères : Marseille | achat | appartement | <=1000000EUR | >=80m2 | >=4p | >=2ch
2026-06-03 15:02:58 | INFO     | main | Messages a envoyer : 10
2026-06-03 15:02:58 | INFO     | main | ============================================================
2026-06-03 15:02:58 | DEBUG    | excel_manager | Fichier Excel existant chargé : C:\Users\tepep\Bureau\bot_agence_immo\data\annonces_contactees.xlsx
2026-06-03 15:02:58 | DEBUG    | excel_manager | 0 lien(s) déjà enregistré(s).
2026-06-03 15:02:58 | INFO     | main | 0 annonce(s) deja contactee(s) en base.
2026-06-03 15:02:58 | INFO     | scraper | Démarrage de Chrome (headless, sans images)...
2026-06-03 15:03:01 | INFO     | scraper | Chrome démarré avec succès.
2026-06-03 15:03:01 | INFO     | city_resolver | Résolution du code SeLoger pour : 'Marseille'
2026-06-03 15:03:30 | INFO     | city_resolver | Recherche du champ ville...
2026-06-03 15:03:30 | INFO     | city_resolver | Champ trouvé avec le sélecteur : input[placeholder='Saisir le lieu ou le code postal']
2026-06-03 15:04:08 | INFO     | city_resolver | Aucun code dans les suggestions — soumission du formulaire...
2026-06-03 15:04:17 | INFO     | city_resolver | Code extrait depuis l'URL : AD08FR4491
2026-06-03 15:04:17 | INFO     | url_builder | URL generee : https://www.seloger.com/classified-search?distributionTypes=Buy&estateTypes=Apartment&locations=AD08FR4491&priceMax=1000000&spaceMin=80&numberOfRoomsMin=4&numberOfBedroomsMin=2
2026-06-03 15:04:17 | INFO     | main | Temps recherche : 75.9s
2026-06-03 15:04:17 | INFO     | scraper | URL générée : https://www.seloger.com/classified-search?distributionTypes=Buy&estateTypes=Apartment&locations=AD08FR4491&priceMax=1000000&spaceMin=80&numberOfRoomsMin=4&numberOfBedroomsMin=2
2026-06-03 15:04:51 | INFO     | scraper | Collecte des liens — page 1...
2026-06-03 15:04:52 | INFO     | scraper | Page 1 : 21 lien(s) trouvé(s).
2026-06-03 15:04:52 | INFO     | scraper |   -> https://www.seloger.com/annonces/achat/appartement/marseille-13/270647835.htm?serp_view=list&search=distributionTypes%3DBuy%26estateTypes%3DApartment%26locations%3DAD08FR4491%26numberOfBedroomsMin%3D2%26numberOfRoomsMin%3D4%26priceMax%3D1000000%26spaceMin%3D80#ln=classified_search_results&m=classified_search_results_classified_classified_detail_XL
2026-06-03 15:04:52 | INFO     | scraper |   -> https://www.seloger.com/annonces/achat/appartement/marseille-9eme-13/269581521.htm?serp_view=list&search=distributionTypes%3DBuy%26estateTypes%3DApartment%26locations%3DAD08FR4491%26numberOfBedroomsMin%3D2%26numberOfRoomsMin%3D4%26priceMax%3D1000000%26spaceMin%3D80#ln=classified_search_results&m=classified_search_results_classified_classified_detail_XL
2026-06-03 15:04:52 | INFO     | scraper |   -> https://www.seloger.com/annonces/achat/appartement/marseille-6eme-13/palais-de-justice/270216291.htm?serp_view=list&search=distributionTypes%3DBuy%26estateTypes%3DApartment%26locations%3DAD08FR4491%26numberOfBedroomsMin%3D2%26numberOfRoomsMin%3D4%26priceMax%3D1000000%26spaceMin%3D80#ln=classified_search_results&m=classified_search_results_classified_classified_detail_XL
2026-06-03 15:05:18 | INFO     | scraper | Total liens collectés : 21
2026-06-03 15:05:18 | INFO     | main | Temps recuperation annonces : 60.6s
2026-06-03 15:05:18 | INFO     | main | Annonces trouvees : 21
2026-06-03 15:05:18 | INFO     | main | 21 nouveaux lien(s) a analyser (0 doublon(s) ignores).
2026-06-03 15:05:18 | INFO     | main | Limite appliquee : 10 annonce(s).
2026-06-03 15:05:18 | INFO     | fetcher | Extraction de 10 fiche(s) — 6 workers parallèles.
2026-06-03 15:05:25 | INFO     | fetcher |   OK : '' |  |  | 
2026-06-03 15:05:25 | INFO     | fetcher |   OK : '' |  |  | 
2026-06-03 15:05:25 | INFO     | fetcher |   OK : '' |  |  | 
2026-06-03 15:05:25 | INFO     | fetcher |   OK : '' |  |  | 
2026-06-03 15:05:25 | INFO     | fetcher |   OK : '' |  |  | 
2026-06-03 15:05:25 | INFO     | fetcher |   OK : '' |  |  | 
2026-06-03 15:05:25 | INFO     | fetcher |   OK : '' |  |  | 
2026-06-03 15:05:26 | INFO     | fetcher |   OK : '' |  |  | 
2026-06-03 15:05:26 | INFO     | fetcher |   OK : '' |  |  | 
2026-06-03 15:05:26 | INFO     | fetcher |   OK : '' |  |  | 
2026-06-03 15:05:26 | INFO     | fetcher | Extraction terminée : 10/10 réussies.
2026-06-03 15:05:26 | INFO     | main | Temps extraction : 7.7s
2026-06-03 15:05:26 | INFO     | main | Annonces analysees : 10
2026-06-03 15:05:26 | INFO     | main | [1/10] https://www.seloger.com/annonces/achat/appartement/marseille-9eme-13/le-cabot/270601863.htm?serp_view=list&search=distributionTypes%3DBuy%26estateTypes%3DApartment%26locations%3DAD08FR4491%26numberOfBedroomsMin%3D2%26numberOfRoomsMin%3D4%26priceMax%3D1000000%26spaceMin%3D80#ln=classified_search_results&m=classified_search_results_classified_classified_detail_XL
2026-06-03 15:05:26 | INFO     | contact_manager | Contact de l'annonce : https://www.seloger.com/annonces/achat/appartement/marseille-9eme-13/le-cabot/270601863.htm?serp_view=list&search=distributionTypes%3DBuy%26estateTypes%3DApartment%26locations%3DAD08FR4491%26numberOfBedroomsMin%3D2%26numberOfRoomsMin%3D4%26priceMax%3D1000000%26spaceMin%3D80#ln=classified_search_results&m=classified_search_results_classified_classified_detail_XL
2026-06-03 15:05:57 | DEBUG    | contact_manager | Formulaire détecté via : form[data-testid*='contact']
2026-06-03 15:06:22 | WARNING  | contact_manager | Champ 'prénom' introuvable.
2026-06-03 15:06:43 | WARNING  | contact_manager | Champ 'nom' introuvable.
2026-06-03 15:06:58 | WARNING  | contact_manager | Champ 'email' introuvable.
2026-06-03 15:07:23 | WARNING  | contact_manager | Champ 'téléphone' introuvable.
2026-06-03 15:07:39 | WARNING  | contact_manager | Champ 'message' introuvable.
2026-06-03 15:07:39 | INFO     | contact_manager | Mode simulation — formulaire rempli, envoi non effectué.
2026-06-03 15:07:39 | DEBUG    | excel_manager | Annonce enregistrée dans Excel : 
2026-06-03 15:07:40 | INFO     | main | [2/10] https://www.seloger.com/annonces/achat/appartement/marseille-6eme-13/palais-de-justice/270216291.htm?serp_view=list&search=distributionTypes%3DBuy%26estateTypes%3DApartment%26locations%3DAD08FR4491%26numberOfBedroomsMin%3D2%26numberOfRoomsMin%3D4%26priceMax%3D1000000%26spaceMin%3D80#ln=classified_search_results&m=classified_search_results_classified_classified_detail_XL
2026-06-03 15:07:40 | INFO     | contact_manager | Contact de l'annonce : https://www.seloger.com/annonces/achat/appartement/marseille-6eme-13/palais-de-justice/270216291.htm?serp_view=list&search=distributionTypes%3DBuy%26estateTypes%3DApartment%26locations%3DAD08FR4491%26numberOfBedroomsMin%3D2%26numberOfRoomsMin%3D4%26priceMax%3D1000000%26spaceMin%3D80#ln=classified_search_results&m=classified_search_results_classified_classified_detail_XL
2026-06-03 15:08:10 | DEBUG    | contact_manager | Formulaire détecté via : form[data-testid*='contact']
2026-06-03 15:08:36 | WARNING  | contact_manager | Champ 'prénom' introuvable.
2026-06-03 15:08:57 | WARNING  | contact_manager | Champ 'nom' introuvable.
2026-06-03 15:26:44 | INFO     | main | ============================================================
2026-06-03 15:26:44 | INFO     | main | Démarrage du bot SeLoger
2026-06-03 15:26:44 | INFO     | main | Critères : Marseille | achat | appartement | <=1000000EUR | >=80m2 | >=4p | >=2ch
2026-06-03 15:26:44 | INFO     | main | Messages a envoyer : 10
2026-06-03 15:26:44 | INFO     | main | ============================================================
2026-06-03 15:26:44 | DEBUG    | excel_manager | Fichier Excel existant chargé : C:\Users\tepep\Bureau\bot_agence_immo\data\annonces_contactees.xlsx
2026-06-03 15:26:44 | DEBUG    | excel_manager | 1 lien(s) déjà enregistré(s).
2026-06-03 15:26:44 | INFO     | main | 1 annonce(s) deja contactee(s) en base.
2026-06-03 15:26:44 | INFO     | scraper | Démarrage de Chrome (headless, sans images)...
2026-06-03 15:26:50 | INFO     | scraper | Chrome démarré avec succès.
2026-06-03 15:26:50 | INFO     | city_resolver | Résolution du code SeLoger pour : 'Marseille'
2026-06-03 15:27:20 | INFO     | city_resolver | Recherche du champ ville...
2026-06-03 15:27:20 | INFO     | city_resolver | Champ trouvé avec le sélecteur : input[placeholder='Saisir le lieu ou le code postal']
2026-06-03 15:27:59 | INFO     | city_resolver | Aucun code dans les suggestions — soumission du formulaire...
2026-06-03 15:28:07 | INFO     | city_resolver | Code extrait depuis l'URL : AD08FR4491
2026-06-03 15:28:07 | INFO     | url_builder | URL generee : https://www.seloger.com/classified-search?distributionTypes=Buy&estateTypes=Apartment&locations=AD08FR4491&priceMax=1000000&spaceMin=80&numberOfRoomsMin=4&numberOfBedroomsMin=2
2026-06-03 15:28:07 | INFO     | main | Temps recherche : 76.7s
2026-06-03 15:28:07 | INFO     | scraper | URL générée : https://www.seloger.com/classified-search?distributionTypes=Buy&estateTypes=Apartment&locations=AD08FR4491&priceMax=1000000&spaceMin=80&numberOfRoomsMin=4&numberOfBedroomsMin=2
2026-06-03 15:28:40 | INFO     | scraper | Collecte des liens — page 1...
2026-06-03 15:28:42 | INFO     | scraper | Page 1 : 21 lien(s) trouvé(s).
2026-06-03 15:28:42 | INFO     | scraper |   -> https://www.seloger.com/annonces/achat/appartement/marseille-13/270647835.htm?serp_view=list&search=distributionTypes%3DBuy%26estateTypes%3DApartment%26locations%3DAD08FR4491%26numberOfBedroomsMin%3D2%26numberOfRoomsMin%3D4%26priceMax%3D1000000%26spaceMin%3D80#ln=classified_search_results&m=classified_search_results_classified_classified_detail_XL
2026-06-03 15:28:42 | INFO     | scraper |   -> https://www.seloger.com/annonces/achat/appartement/marseille-9eme-13/269581521.htm?serp_view=list&search=distributionTypes%3DBuy%26estateTypes%3DApartment%26locations%3DAD08FR4491%26numberOfBedroomsMin%3D2%26numberOfRoomsMin%3D4%26priceMax%3D1000000%26spaceMin%3D80#ln=classified_search_results&m=classified_search_results_classified_classified_detail_XL
2026-06-03 15:28:42 | INFO     | scraper |   -> https://www.seloger.com/annonces/achat/appartement/marseille-6eme-13/palais-de-justice/270216291.htm?serp_view=list&search=distributionTypes%3DBuy%26estateTypes%3DApartment%26locations%3DAD08FR4491%26numberOfBedroomsMin%3D2%26numberOfRoomsMin%3D4%26priceMax%3D1000000%26spaceMin%3D80#ln=classified_search_results&m=classified_search_results_classified_classified_detail_XL
2026-06-03 15:29:09 | INFO     | scraper | Total liens collectés : 21
2026-06-03 15:29:09 | INFO     | main | Temps recuperation annonces : 61.7s
2026-06-03 15:29:09 | INFO     | main | Annonces trouvees : 21
2026-06-03 15:29:09 | INFO     | main | 21 nouveaux lien(s) a analyser (0 doublon(s) ignores).
2026-06-03 15:29:09 | INFO     | main | Limite appliquee : 10 annonce(s).
2026-06-03 15:29:09 | INFO     | fetcher | Extraction de 10 fiche(s) — 6 workers parallèles.
2026-06-03 15:29:14 | INFO     | fetcher |   OK : '' |  |  | 
2026-06-03 15:29:14 | INFO     | fetcher |   OK : '' |  |  | 
2026-06-03 15:29:14 | INFO     | fetcher |   OK : '' |  |  | 
2026-06-03 15:29:15 | INFO     | fetcher |   OK : '' |  |  | 
2026-06-03 15:29:15 | INFO     | fetcher |   OK : '' |  |  | 
2026-06-03 15:29:15 | INFO     | fetcher |   OK : '' |  |  | 
2026-06-03 15:29:15 | INFO     | fetcher |   OK : '' |  |  | 
2026-06-03 15:29:15 | INFO     | fetcher |   OK : '' |  |  | 
2026-06-03 15:29:16 | INFO     | fetcher |   OK : '' |  |  | 
2026-06-03 15:29:16 | INFO     | fetcher |   OK : '' |  |  | 
2026-06-03 15:29:16 | INFO     | fetcher | Extraction terminée : 10/10 réussies.
2026-06-03 15:29:16 | INFO     | main | Temps extraction : 7.2s
2026-06-03 15:29:16 | INFO     | main | Annonces analysees : 10
2026-06-03 15:29:16 | INFO     | main | [1/10] https://www.seloger.com/annonces/achat/appartement/cassis-13/grande-couronne/243148263.htm?serp_view=list&search=distributionTypes%3DBuy%26estateTypes%3DApartment%26locations%3DAD08FR4491%26numberOfBedroomsMin%3D2%26numberOfRoomsMin%3D4%26priceMax%3D1000000%26spaceMin%3D80#ln=classified_search_results&m=classified_search_results_classified_classified_detail_XL
2026-06-03 15:29:16 | INFO     | contact_manager | Contact : https://www.seloger.com/annonces/achat/appartement/cassis-13/grande-couronne/243148263.htm?serp_view=list&search=distributionTypes%3DBuy%26estateTypes%3DApartment%26locations%3DAD08FR4491%26numberOfBedroomsMin%3D2%26numberOfRoomsMin%3D4%26priceMax%3D1000000%26spaceMin%3D80#ln=classified_search_results&m=classified_search_results_classified_classified_detail_XL
2026-06-03 15:29:48 | INFO     | contact_manager | [DEBUG] URL     : https://www.seloger.com/annonces/achat/appartement/cassis-13/grande-couronne/243148263.htm?serp_view=list&search=distributionTypes%3DBuy%26estateTypes%3DApartment%26locations%3DAD08FR4491%26numberOfBedroomsMin%3D2%26numberOfRoomsMin%3D4%26priceMax%3D1000000%26spaceMin%3D80#ln=classified_search_results&m=classified_search_results_classified_classified_detail_XL
2026-06-03 15:29:48 | INFO     | contact_manager | [DEBUG] Titre   : Appartement à vendre T4/F4 77.22 m² 495000 € Grande Couronne Cassis (13260)
2026-06-03 15:29:48 | INFO     | contact_manager | [DEBUG] Screenshot : C:\Users\tepep\Bureau\bot_agence_immo\screenshots\screenshot_formulaire.png
2026-06-03 15:29:48 | INFO     | contact_manager | [DEBUG] HTML sauvegarde : C:\Users\tepep\Bureau\bot_agence_immo\debug\page_formulaire.html
2026-06-03 15:29:48 | INFO     | contact_manager | [DEBUG] Recherche des boutons de contact...
2026-06-03 15:29:53 | INFO     | contact_manager | [DEBUG] 1 bouton(s) de contact trouve(s) :
2026-06-03 15:29:53 | INFO     | contact_manager |   [button] texte='Contacter l'agence' | href=''
2026-06-03 15:29:55 | ERROR    | contact_manager | Erreur inattendue pour https://www.seloger.com/annonces/achat/appartement/cassis-13/grande-couronne/243148263.htm?serp_view=list&search=distributionTypes%3DBuy%26estateTypes%3DApartment%26locations%3DAD08FR4491%26numberOfBedroomsMin%3D2%26numberOfRoomsMin%3D4%26priceMax%3D1000000%26spaceMin%3D80#ln=classified_search_results&m=classified_search_results_classified_classified_detail_XL : Message: element click intercepted: Element <button type="submit" tabindex="0" data-react-aria-pressable="true" class="css-rb6sau" data-testid="cdp-contact-form-submit.email">...</button> is not clickable at point (1364, 492). Other element would receive the click: <div id="usercentrics-root" data-created-at="1780493361201" data-react-aria-top-layer="true" style=""></div>
  (Session info: chrome=148.0.7778.216); For documentation on this error, please visit: https://www.selenium.dev/documentation/webdriver/troubleshooting/errors#elementclickinterceptedexception
Stacktrace:
	chromedriver!GetHandleVerifier [0x7ff7f37f7de5+14895]
	chromedriver!GetHandleVerifier [0x7ff7f37f7e50+14900]
	chromedriver!(No symbol) [0x7ff7f355d5ad]
	chromedriver!(No symbol) [0x7ff7f35bf3b5]
	chromedriver!(No symbol) [0x7ff7f35bcfca]
	chromedriver!(No symbol) [0x7ff7f35ba307]
	chromedriver!(No symbol) [0x7ff7f35b91b7]
	chromedriver!(No symbol) [0x7ff7f35abce6]
	chromedriver!(No symbol) [0x7ff7f35e005a]
	chromedriver!(No symbol) [0x7ff7f35ab566]
	chromedriver!(No symbol) [0x7ff7f360486f]
	chromedriver!(No symbol) [0x7ff7f35a9df8]
	chromedriver!(No symbol) [0x7ff7f35aace3]
	chromedriver!GetHandleVerifier [0x7ff7f3b0cc49+3296f9]
	chromedriver!GetHandleVerifier [0x7ff7f3b07375+323e25]
	chromedriver!GetHandleVerifier [0x7ff7f3b2bc82+348732]
	chromedriver!GetHandleVerifier [0x7ff7f3816045+32af5]
	chromedriver!GetHandleVerifier [0x7ff7f381ecec+3b79c]
	chromedriver!GetHandleVerifier [0x7ff7f3801bc4+1e674]
	chromedriver!GetHandleVerifier [0x7ff7f3801d54+1e804]
	chromedriver!GetHandleVerifier [0x7ff7f37e60e7+2b97]
	KERNEL32!BaseThreadInitThunk [0x7fff96b57374+14]
	ntdll!RtlUserThreadStart [0x7fff97a3cc91+21]

2026-06-03 15:29:55 | WARNING  | scraper | Screenshot : C:\Users\tepep\Bureau\bot_agence_immo\screenshots\erreur_erreur_contact_20260603_152955.png
2026-06-03 15:29:55 | DEBUG    | excel_manager | Annonce enregistrée dans Excel : 
2026-06-03 15:29:56 | INFO     | main | [2/10] https://www.seloger.com/annonces/achat/appartement/marseille-13/270614643.htm?serp_view=list&search=distributionTypes%3DBuy%26estateTypes%3DApartment%26locations%3DAD08FR4491%26numberOfBedroomsMin%3D2%26numberOfRoomsMin%3D4%26priceMax%3D1000000%26spaceMin%3D80#ln=classified_search_results&m=classified_search_results_classified_classified_detail_XL
2026-06-03 15:29:56 | INFO     | contact_manager | Contact : https://www.seloger.com/annonces/achat/appartement/marseille-13/270614643.htm?serp_view=list&search=distributionTypes%3DBuy%26estateTypes%3DApartment%26locations%3DAD08FR4491%26numberOfBedroomsMin%3D2%26numberOfRoomsMin%3D4%26priceMax%3D1000000%26spaceMin%3D80#ln=classified_search_results&m=classified_search_results_classified_classified_detail_XL
2026-06-03 15:30:26 | INFO     | contact_manager | [DEBUG] URL     : https://www.seloger.com/annonces/achat/appartement/marseille-10eme-13/saint-loup/270614643.htm?search=distributionTypes%3DBuy%26estateTypes%3DApartment%26locations%3DAD08FR4491%26numberOfBedroomsMin%3D2%26numberOfRoomsMin%3D4%26priceMax%3D1000000%26spaceMin%3D80&serp_view=list#ln=classified_search_results&m=classified_search_results_classified_classified_detail_XL
2026-06-03 15:30:26 | INFO     | contact_manager | [DEBUG] Titre   : Duplex à vendre T4/F4 101 m² 460000 € Saint Loup Marseille (13010)
2026-06-03 15:30:27 | INFO     | contact_manager | [DEBUG] Screenshot : C:\Users\tepep\Bureau\bot_agence_immo\screenshots\screenshot_formulaire.png
2026-06-03 15:30:27 | INFO     | contact_manager | [DEBUG] HTML sauvegarde : C:\Users\tepep\Bureau\bot_agence_immo\debug\page_formulaire.html
2026-06-03 15:30:27 | INFO     | contact_manager | [DEBUG] Recherche des boutons de contact...
2026-06-03 15:30:32 | INFO     | contact_manager | [DEBUG] 1 bouton(s) de contact trouve(s) :
2026-06-03 15:30:32 | INFO     | contact_manager |   [button] texte='Contacter l'agence' | href=''
2026-06-03 15:30:33 | ERROR    | contact_manager | Erreur inattendue pour https://www.seloger.com/annonces/achat/appartement/marseille-13/270614643.htm?serp_view=list&search=distributionTypes%3DBuy%26estateTypes%3DApartment%26locations%3DAD08FR4491%26numberOfBedroomsMin%3D2%26numberOfRoomsMin%3D4%26priceMax%3D1000000%26spaceMin%3D80#ln=classified_search_results&m=classified_search_results_classified_classified_detail_XL : Message: element click intercepted: Element <button type="submit" tabindex="0" data-react-aria-pressable="true" class="css-rb6sau" data-testid="cdp-contact-form-submit.email">...</button> is not clickable at point (1364, 492). Other element would receive the click: <div id="usercentrics-root" data-created-at="1780493400308" data-react-aria-top-layer="true" style=""></div>
  (Session info: chrome=148.0.7778.216); For documentation on this error, please visit: https://www.selenium.dev/documentation/webdriver/troubleshooting/errors#elementclickinterceptedexception
Stacktrace:
	chromedriver!GetHandleVerifier [0x7ff7f37f7de5+14895]
	chromedriver!GetHandleVerifier [0x7ff7f37f7e50+14900]
	chromedriver!(No symbol) [0x7ff7f355d5ad]
	chromedriver!(No symbol) [0x7ff7f35bf3b5]
	chromedriver!(No symbol) [0x7ff7f35bcfca]
	chromedriver!(No symbol) [0x7ff7f35ba307]
	chromedriver!(No symbol) [0x7ff7f35b91b7]
	chromedriver!(No symbol) [0x7ff7f35abce6]
	chromedriver!(No symbol) [0x7ff7f35e005a]
	chromedriver!(No symbol) [0x7ff7f35ab566]
	chromedriver!(No symbol) [0x7ff7f360486f]
	chromedriver!(No symbol) [0x7ff7f35a9df8]
	chromedriver!(No symbol) [0x7ff7f35aace3]
	chromedriver!GetHandleVerifier [0x7ff7f3b0cc49+3296f9]
	chromedriver!GetHandleVerifier [0x7ff7f3b07375+323e25]
	chromedriver!GetHandleVerifier [0x7ff7f3b2bc82+348732]
	chromedriver!GetHandleVerifier [0x7ff7f3816045+32af5]
	chromedriver!GetHandleVerifier [0x7ff7f381ecec+3b79c]
	chromedriver!GetHandleVerifier [0x7ff7f3801bc4+1e674]
	chromedriver!GetHandleVerifier [0x7ff7f3801d54+1e804]
	chromedriver!GetHandleVerifier [0x7ff7f37e60e7+2b97]
	KERNEL32!BaseThreadInitThunk [0x7fff96b57374+14]
	ntdll!RtlUserThreadStart [0x7fff97a3cc91+21]

2026-06-03 15:30:34 | WARNING  | scraper | Screenshot : C:\Users\tepep\Bureau\bot_agence_immo\screenshots\erreur_erreur_contact_20260603_153033.png
2026-06-03 15:30:34 | DEBUG    | excel_manager | Annonce enregistrée dans Excel : 
2026-06-03 15:30:35 | INFO     | main | [3/10] https://www.seloger.com/annonces/achat/appartement/marseille-13/270148159.htm?serp_view=list&search=distributionTypes%3DBuy%26estateTypes%3DApartment%26locations%3DAD08FR4491%26numberOfBedroomsMin%3D2%26numberOfRoomsMin%3D4%26priceMax%3D1000000%26spaceMin%3D80#ln=classified_search_results&m=classified_search_results_classified_classified_detail_XL
2026-06-03 15:30:35 | INFO     | contact_manager | Contact : https://www.seloger.com/annonces/achat/appartement/marseille-13/270148159.htm?serp_view=list&search=distributionTypes%3DBuy%26estateTypes%3DApartment%26locations%3DAD08FR4491%26numberOfBedroomsMin%3D2%26numberOfRoomsMin%3D4%26priceMax%3D1000000%26spaceMin%3D80#ln=classified_search_results&m=classified_search_results_classified_classified_detail_XL
2026-06-03 15:31:08 | INFO     | contact_manager | [DEBUG] URL     : https://www.seloger.com/annonces/achat/appartement/marseille-5eme-13/la-conception/270148159.htm?search=distributionTypes%3DBuy%26estateTypes%3DApartment%26locations%3DAD08FR4491%26numberOfBedroomsMin%3D2%26numberOfRoomsMin%3D4%26priceMax%3D1000000%26spaceMin%3D80&serp_view=list#ln=classified_search_results&m=classified_search_results_classified_classified_detail_XL
2026-06-03 15:31:08 | INFO     | contact_manager | [DEBUG] Titre   : Appartement à vendre T4/F4 85 m² 347000 € La Conception Marseille (13005)
2026-06-03 15:31:08 | INFO     | contact_manager | [DEBUG] Screenshot : C:\Users\tepep\Bureau\bot_agence_immo\screenshots\screenshot_formulaire.png
2026-06-03 15:31:09 | INFO     | contact_manager | [DEBUG] HTML sauvegarde : C:\Users\tepep\Bureau\bot_agence_immo\debug\page_formulaire.html
2026-06-03 15:31:09 | INFO     | contact_manager | [DEBUG] Recherche des boutons de contact...
2026-06-03 15:31:16 | INFO     | contact_manager | [DEBUG] 1 bouton(s) de contact trouve(s) :
2026-06-03 15:31:17 | INFO     | contact_manager |   [button] texte='Contacter l'agence' | href=''
2026-06-03 15:31:19 | ERROR    | contact_manager | Erreur inattendue pour https://www.seloger.com/annonces/achat/appartement/marseille-13/270148159.htm?serp_view=list&search=distributionTypes%3DBuy%26estateTypes%3DApartment%26locations%3DAD08FR4491%26numberOfBedroomsMin%3D2%26numberOfRoomsMin%3D4%26priceMax%3D1000000%26spaceMin%3D80#ln=classified_search_results&m=classified_search_results_classified_classified_detail_XL : Message: element click intercepted: Element <button type="submit" tabindex="0" data-react-aria-pressable="true" class="css-rb6sau" data-testid="cdp-contact-form-submit.email">...</button> is not clickable at point (1364, 492). Other element would receive the click: <div id="usercentrics-root" data-created-at="1780493438620" data-react-aria-top-layer="true" style=""></div>
  (Session info: chrome=148.0.7778.216); For documentation on this error, please visit: https://www.selenium.dev/documentation/webdriver/troubleshooting/errors#elementclickinterceptedexception
Stacktrace:
	chromedriver!GetHandleVerifier [0x7ff7f37f7de5+14895]
	chromedriver!GetHandleVerifier [0x7ff7f37f7e50+14900]
	chromedriver!(No symbol) [0x7ff7f355d5ad]
	chromedriver!(No symbol) [0x7ff7f35bf3b5]
	chromedriver!(No symbol) [0x7ff7f35bcfca]
	chromedriver!(No symbol) [0x7ff7f35ba307]
	chromedriver!(No symbol) [0x7ff7f35b91b7]
	chromedriver!(No symbol) [0x7ff7f35abce6]
	chromedriver!(No symbol) [0x7ff7f35e005a]
	chromedriver!(No symbol) [0x7ff7f35ab566]
	chromedriver!(No symbol) [0x7ff7f360486f]
	chromedriver!(No symbol) [0x7ff7f35a9df8]
	chromedriver!(No symbol) [0x7ff7f35aace3]
	chromedriver!GetHandleVerifier [0x7ff7f3b0cc49+3296f9]
	chromedriver!GetHandleVerifier [0x7ff7f3b07375+323e25]
	chromedriver!GetHandleVerifier [0x7ff7f3b2bc82+348732]
	chromedriver!GetHandleVerifier [0x7ff7f3816045+32af5]
	chromedriver!GetHandleVerifier [0x7ff7f381ecec+3b79c]
	chromedriver!GetHandleVerifier [0x7ff7f3801bc4+1e674]
	chromedriver!GetHandleVerifier [0x7ff7f3801d54+1e804]
	chromedriver!GetHandleVerifier [0x7ff7f37e60e7+2b97]
	KERNEL32!BaseThreadInitThunk [0x7fff96b57374+14]
	ntdll!RtlUserThreadStart [0x7fff97a3cc91+21]

2026-06-03 15:31:19 | WARNING  | scraper | Screenshot : C:\Users\tepep\Bureau\bot_agence_immo\screenshots\erreur_erreur_contact_20260603_153119.png
2026-06-03 15:31:19 | ERROR    | excel_manager | Impossible d'enregistrer dans Excel : [Errno 13] Permission denied: 'C:\\Users\\tepep\\Bureau\\bot_agence_immo\\data\\annonces_contactees.xlsx'
2026-06-03 15:31:20 | INFO     | main | [4/10] https://www.seloger.com/annonces/achat/appartement/marseille-13/270647835.htm?serp_view=list&search=distributionTypes%3DBuy%26estateTypes%3DApartment%26locations%3DAD08FR4491%26numberOfBedroomsMin%3D2%26numberOfRoomsMin%3D4%26priceMax%3D1000000%26spaceMin%3D80#ln=classified_search_results&m=classified_search_results_classified_classified_detail_XL
2026-06-03 15:31:20 | INFO     | contact_manager | Contact : https://www.seloger.com/annonces/achat/appartement/marseille-13/270647835.htm?serp_view=list&search=distributionTypes%3DBuy%26estateTypes%3DApartment%26locations%3DAD08FR4491%26numberOfBedroomsMin%3D2%26numberOfRoomsMin%3D4%26priceMax%3D1000000%26spaceMin%3D80#ln=classified_search_results&m=classified_search_results_classified_classified_detail_XL
2026-06-03 15:31:49 | INFO     | contact_manager | [DEBUG] URL     : https://www.seloger.com/annonces/achat/appartement/marseille-9eme-13/le-cabot/270647835.htm?search=distributionTypes%3DBuy%26estateTypes%3DApartment%26locations%3DAD08FR4491%26numberOfBedroomsMin%3D2%26numberOfRoomsMin%3D4%26priceMax%3D1000000%26spaceMin%3D80&serp_view=list#ln=classified_search_results&m=classified_search_results_classified_classified_detail_XL
2026-06-03 15:31:49 | INFO     | contact_manager | [DEBUG] Titre   : Appartement à vendre T4/F4 98 m² 425000 € Le Cabot Marseille (13009)
2026-06-03 15:31:50 | INFO     | contact_manager | [DEBUG] Screenshot : C:\Users\tepep\Bureau\bot_agence_immo\screenshots\screenshot_formulaire.png
2026-06-03 15:31:50 | INFO     | contact_manager | [DEBUG] HTML sauvegarde : C:\Users\tepep\Bureau\bot_agence_immo\debug\page_formulaire.html
2026-06-03 15:31:50 | INFO     | contact_manager | [DEBUG] Recherche des boutons de contact...
2026-06-03 15:31:54 | INFO     | contact_manager | [DEBUG] 1 bouton(s) de contact trouve(s) :
2026-06-03 15:31:54 | INFO     | contact_manager |   [button] texte='Contacter l'agence' | href=''
2026-06-03 15:31:56 | ERROR    | contact_manager | Erreur inattendue pour https://www.seloger.com/annonces/achat/appartement/marseille-13/270647835.htm?serp_view=list&search=distributionTypes%3DBuy%26estateTypes%3DApartment%26locations%3DAD08FR4491%26numberOfBedroomsMin%3D2%26numberOfRoomsMin%3D4%26priceMax%3D1000000%26spaceMin%3D80#ln=classified_search_results&m=classified_search_results_classified_classified_detail_XL : Message: element click intercepted: Element <button type="submit" tabindex="0" data-react-aria-pressable="true" class="css-rb6sau" data-testid="cdp-contact-form-submit.email">...</button> is not clickable at point (1364, 492). Other element would receive the click: <div id="usercentrics-root" data-created-at="1780493483286" data-react-aria-top-layer="true" style=""></div>
  (Session info: chrome=148.0.7778.216); For documentation on this error, please visit: https://www.selenium.dev/documentation/webdriver/troubleshooting/errors#elementclickinterceptedexception
Stacktrace:
	chromedriver!GetHandleVerifier [0x7ff7f37f7de5+14895]
	chromedriver!GetHandleVerifier [0x7ff7f37f7e50+14900]
	chromedriver!(No symbol) [0x7ff7f355d5ad]
	chromedriver!(No symbol) [0x7ff7f35bf3b5]
	chromedriver!(No symbol) [0x7ff7f35bcfca]
	chromedriver!(No symbol) [0x7ff7f35ba307]
	chromedriver!(No symbol) [0x7ff7f35b91b7]
	chromedriver!(No symbol) [0x7ff7f35abce6]
	chromedriver!(No symbol) [0x7ff7f35e005a]
	chromedriver!(No symbol) [0x7ff7f35ab566]
	chromedriver!(No symbol) [0x7ff7f360486f]
	chromedriver!(No symbol) [0x7ff7f35a9df8]
	chromedriver!(No symbol) [0x7ff7f35aace3]
	chromedriver!GetHandleVerifier [0x7ff7f3b0cc49+3296f9]
	chromedriver!GetHandleVerifier [0x7ff7f3b07375+323e25]
	chromedriver!GetHandleVerifier [0x7ff7f3b2bc82+348732]
	chromedriver!GetHandleVerifier [0x7ff7f3816045+32af5]
	chromedriver!GetHandleVerifier [0x7ff7f381ecec+3b79c]
	chromedriver!GetHandleVerifier [0x7ff7f3801bc4+1e674]
	chromedriver!GetHandleVerifier [0x7ff7f3801d54+1e804]
	chromedriver!GetHandleVerifier [0x7ff7f37e60e7+2b97]
	KERNEL32!BaseThreadInitThunk [0x7fff96b57374+14]
	ntdll!RtlUserThreadStart [0x7fff97a3cc91+21]

2026-06-03 15:31:56 | WARNING  | scraper | Screenshot : C:\Users\tepep\Bureau\bot_agence_immo\screenshots\erreur_erreur_contact_20260603_153156.png
2026-06-03 15:31:56 | ERROR    | excel_manager | Impossible d'enregistrer dans Excel : [Errno 13] Permission denied: 'C:\\Users\\tepep\\Bureau\\bot_agence_immo\\data\\annonces_contactees.xlsx'
2026-06-03 15:31:58 | INFO     | main | [5/10] https://www.seloger.com/annonces/achat/appartement/marseille-9eme-13/269581521.htm?serp_view=list&search=distributionTypes%3DBuy%26estateTypes%3DApartment%26locations%3DAD08FR4491%26numberOfBedroomsMin%3D2%26numberOfRoomsMin%3D4%26priceMax%3D1000000%26spaceMin%3D80#ln=classified_search_results&m=classified_search_results_classified_classified_detail_XL
2026-06-03 15:31:58 | INFO     | contact_manager | Contact : https://www.seloger.com/annonces/achat/appartement/marseille-9eme-13/269581521.htm?serp_view=list&search=distributionTypes%3DBuy%26estateTypes%3DApartment%26locations%3DAD08FR4491%26numberOfBedroomsMin%3D2%26numberOfRoomsMin%3D4%26priceMax%3D1000000%26spaceMin%3D80#ln=classified_search_results&m=classified_search_results_classified_classified_detail_XL
2026-06-03 15:32:28 | INFO     | contact_manager | [DEBUG] URL     : https://www.seloger.com/annonces/achat/appartement/marseille-13/269581521.htm?search=distributionTypes%3DBuy%26estateTypes%3DApartment%26locations%3DAD08FR4491%26numberOfBedroomsMin%3D2%26numberOfRoomsMin%3D4%26priceMax%3D1000000%26spaceMin%3D80&serp_view=list#ln=classified_search_results&m=classified_search_results_classified_classified_detail_XL
2026-06-03 15:32:28 | INFO     | contact_manager | [DEBUG] Titre   : Appartement à vendre T4/F4 90 m² 249000 € Marseille (13009)
2026-06-03 15:32:29 | INFO     | contact_manager | [DEBUG] Screenshot : C:\Users\tepep\Bureau\bot_agence_immo\screenshots\screenshot_formulaire.png
2026-06-03 15:32:29 | INFO     | contact_manager | [DEBUG] HTML sauvegarde : C:\Users\tepep\Bureau\bot_agence_immo\debug\page_formulaire.html
2026-06-03 15:32:29 | INFO     | contact_manager | [DEBUG] Recherche des boutons de contact...
2026-06-03 15:32:34 | INFO     | contact_manager | [DEBUG] 1 bouton(s) de contact trouve(s) :
2026-06-03 15:32:34 | INFO     | contact_manager |   [button] texte='Contacter l'agence' | href=''
2026-06-03 15:32:36 | ERROR    | contact_manager | Erreur inattendue pour https://www.seloger.com/annonces/achat/appartement/marseille-9eme-13/269581521.htm?serp_view=list&search=distributionTypes%3DBuy%26estateTypes%3DApartment%26locations%3DAD08FR4491%26numberOfBedroomsMin%3D2%26numberOfRoomsMin%3D4%26priceMax%3D1000000%26spaceMin%3D80#ln=classified_search_results&m=classified_search_results_classified_classified_detail_XL : Message: element click intercepted: Element <button type="submit" tabindex="0" data-react-aria-pressable="true" class="css-rb6sau" data-testid="cdp-contact-form-submit.email">...</button> is not clickable at point (1364, 492). Other element would receive the click: <div id="usercentrics-root" data-created-at="1780493522051" data-react-aria-top-layer="true" style=""></div>
  (Session info: chrome=148.0.7778.216); For documentation on this error, please visit: https://www.selenium.dev/documentation/webdriver/troubleshooting/errors#elementclickinterceptedexception
Stacktrace:
	chromedriver!GetHandleVerifier [0x7ff7f37f7de5+14895]
	chromedriver!GetHandleVerifier [0x7ff7f37f7e50+14900]
	chromedriver!(No symbol) [0x7ff7f355d5ad]
	chromedriver!(No symbol) [0x7ff7f35bf3b5]
	chromedriver!(No symbol) [0x7ff7f35bcfca]
	chromedriver!(No symbol) [0x7ff7f35ba307]
	chromedriver!(No symbol) [0x7ff7f35b91b7]
	chromedriver!(No symbol) [0x7ff7f35abce6]
	chromedriver!(No symbol) [0x7ff7f35e005a]
	chromedriver!(No symbol) [0x7ff7f35ab566]
	chromedriver!(No symbol) [0x7ff7f360486f]
	chromedriver!(No symbol) [0x7ff7f35a9df8]
	chromedriver!(No symbol) [0x7ff7f35aace3]
	chromedriver!GetHandleVerifier [0x7ff7f3b0cc49+3296f9]
	chromedriver!GetHandleVerifier [0x7ff7f3b07375+323e25]
	chromedriver!GetHandleVerifier [0x7ff7f3b2bc82+348732]
	chromedriver!GetHandleVerifier [0x7ff7f3816045+32af5]
	chromedriver!GetHandleVerifier [0x7ff7f381ecec+3b79c]
	chromedriver!GetHandleVerifier [0x7ff7f3801bc4+1e674]
	chromedriver!GetHandleVerifier [0x7ff7f3801d54+1e804]
	chromedriver!GetHandleVerifier [0x7ff7f37e60e7+2b97]
	KERNEL32!BaseThreadInitThunk [0x7fff96b57374+14]
	ntdll!RtlUserThreadStart [0x7fff97a3cc91+21]

2026-06-03 15:32:36 | WARNING  | scraper | Screenshot : C:\Users\tepep\Bureau\bot_agence_immo\screenshots\erreur_erreur_contact_20260603_153236.png
2026-06-03 15:32:36 | ERROR    | excel_manager | Impossible d'enregistrer dans Excel : [Errno 13] Permission denied: 'C:\\Users\\tepep\\Bureau\\bot_agence_immo\\data\\annonces_contactees.xlsx'
2026-06-03 15:35:16 | INFO     | main | ============================================================
2026-06-03 15:35:16 | INFO     | main | Démarrage du bot SeLoger
2026-06-03 15:35:16 | INFO     | main | Critères : Marseille | achat | appartement | <=1000000EUR | >=80m2 | >=4p | >=2ch
2026-06-03 15:35:16 | INFO     | main | Messages a envoyer : 10
2026-06-03 15:35:16 | INFO     | main | ============================================================
2026-06-03 15:35:16 | DEBUG    | excel_manager | Fichier Excel existant chargé : C:\Users\tepep\Bureau\bot_agence_immo\data\annonces_contactees.xlsx
2026-06-03 15:35:16 | DEBUG    | excel_manager | 3 lien(s) déjà enregistré(s).
2026-06-03 15:35:16 | INFO     | main | 3 annonce(s) deja contactee(s) en base.
2026-06-03 15:35:16 | INFO     | scraper | Démarrage de Chrome (headless, sans images)...
2026-06-03 15:35:20 | INFO     | scraper | Chrome démarré avec succès.
2026-06-03 15:35:20 | INFO     | city_resolver | Résolution du code SeLoger pour : 'Marseille'
2026-06-03 15:35:50 | INFO     | city_resolver | Recherche du champ ville...
2026-06-03 15:35:50 | INFO     | city_resolver | Champ trouvé avec le sélecteur : input[placeholder='Saisir le lieu ou le code postal']
2026-06-03 15:36:28 | INFO     | city_resolver | Aucun code dans les suggestions — soumission du formulaire...
2026-06-03 15:36:43 | INFO     | city_resolver | Code extrait depuis l'URL : AD08FR4491
2026-06-03 15:36:43 | INFO     | url_builder | URL generee : https://www.seloger.com/classified-search?distributionTypes=Buy&estateTypes=Apartment&locations=AD08FR4491&priceMax=1000000&spaceMin=80&numberOfRoomsMin=4&numberOfBedroomsMin=2
2026-06-03 15:36:43 | INFO     | main | Temps recherche : 83.2s
2026-06-03 15:36:43 | INFO     | scraper | URL générée : https://www.seloger.com/classified-search?distributionTypes=Buy&estateTypes=Apartment&locations=AD08FR4491&priceMax=1000000&spaceMin=80&numberOfRoomsMin=4&numberOfBedroomsMin=2
2026-06-03 15:37:16 | INFO     | scraper | Collecte des liens — page 1...
2026-06-03 15:37:17 | INFO     | scraper | Page 1 : 20 lien(s) trouvé(s).
2026-06-03 15:37:17 | INFO     | scraper |   -> https://www.seloger.com/annonces/achat/appartement/marseille-13/270647835.htm?serp_view=list&search=distributionTypes%3DBuy%26estateTypes%3DApartment%26locations%3DAD08FR4491%26numberOfBedroomsMin%3D2%26numberOfRoomsMin%3D4%26priceMax%3D1000000%26spaceMin%3D80#ln=classified_search_results&m=classified_search_results_classified_classified_detail_XL
2026-06-03 15:37:17 | INFO     | scraper |   -> https://www.seloger.com/annonces/achat/appartement/marseille-9eme-13/269581521.htm?serp_view=list&search=distributionTypes%3DBuy%26estateTypes%3DApartment%26locations%3DAD08FR4491%26numberOfBedroomsMin%3D2%26numberOfRoomsMin%3D4%26priceMax%3D1000000%26spaceMin%3D80#ln=classified_search_results&m=classified_search_results_classified_classified_detail_XL
2026-06-03 15:37:17 | INFO     | scraper |   -> https://www.seloger.com/annonces/achat/appartement/marseille-6eme-13/palais-de-justice/270216291.htm?serp_view=list&search=distributionTypes%3DBuy%26estateTypes%3DApartment%26locations%3DAD08FR4491%26numberOfBedroomsMin%3D2%26numberOfRoomsMin%3D4%26priceMax%3D1000000%26spaceMin%3D80#ln=classified_search_results&m=classified_search_results_classified_classified_detail_XL
2026-06-03 15:37:43 | INFO     | scraper | Total liens collectés : 20
2026-06-03 15:37:43 | INFO     | main | Temps recuperation annonces : 59.4s
2026-06-03 15:37:43 | INFO     | main | Annonces trouvees : 20
2026-06-03 15:37:43 | INFO     | main | 19 nouveaux lien(s) a analyser (1 doublon(s) ignores).
2026-06-03 15:37:43 | INFO     | main | Limite appliquee : 10 annonce(s).
2026-06-03 15:37:43 | INFO     | fetcher | Extraction de 10 fiche(s) — 6 workers parallèles.
2026-06-03 15:37:48 | INFO     | fetcher |   OK : '' |  |  | 
2026-06-03 15:37:48 | INFO     | fetcher |   OK : '' |  |  | 
2026-06-03 15:37:48 | INFO     | fetcher |   OK : '' |  |  | 
2026-06-03 15:37:48 | INFO     | fetcher |   OK : '' |  |  | 
2026-06-03 15:37:48 | INFO     | fetcher |   OK : '' |  |  | 
2026-06-03 15:37:48 | INFO     | fetcher |   OK : '' |  |  | 
2026-06-03 15:37:48 | INFO     | fetcher |   OK : '' |  |  | 
2026-06-03 15:37:49 | INFO     | fetcher |   OK : '' |  |  | 
2026-06-03 15:37:49 | INFO     | fetcher |   OK : '' |  |  | 
2026-06-03 15:37:49 | INFO     | fetcher |   OK : '' |  |  | 
2026-06-03 15:37:49 | INFO     | fetcher | Extraction terminée : 10/10 réussies.
2026-06-03 15:37:49 | INFO     | main | Temps extraction : 6.2s
2026-06-03 15:37:49 | INFO     | main | Annonces analysees : 10
2026-06-03 15:37:49 | INFO     | main | [1/10] https://www.seloger.com/annonces/achat/appartement/aubagne-13/centre-ville/239591851.htm?serp_view=list&search=distributionTypes%3DBuy%26estateTypes%3DApartment%26locations%3DAD08FR4491%26numberOfBedroomsMin%3D2%26numberOfRoomsMin%3D4%26priceMax%3D1000000%26spaceMin%3D80#ln=classified_search_results&m=classified_search_results_classified_classified_detail_XL
2026-06-03 15:37:49 | INFO     | contact_manager | Contact : https://www.seloger.com/annonces/achat/appartement/aubagne-13/centre-ville/239591851.htm?serp_view=list&search=distributionTypes%3DBuy%26estateTypes%3DApartment%26locations%3DAD08FR4491%26numberOfBedroomsMin%3D2%26numberOfRoomsMin%3D4%26priceMax%3D1000000%26spaceMin%3D80#ln=classified_search_results&m=classified_search_results_classified_classified_detail_XL
2026-06-03 15:38:20 | INFO     | contact_manager | [DEBUG] URL     : https://www.seloger.com/annonces/achat/appartement/aubagne-13/centre-ville/239591851.htm?serp_view=list&search=distributionTypes%3DBuy%26estateTypes%3DApartment%26locations%3DAD08FR4491%26numberOfBedroomsMin%3D2%26numberOfRoomsMin%3D4%26priceMax%3D1000000%26spaceMin%3D80#ln=classified_search_results&m=classified_search_results_classified_classified_detail_XL
2026-06-03 15:38:20 | INFO     | contact_manager | [DEBUG] Titre   : Appartement à vendre T4/F4 89 m² 350000 € Centre Ville Aubagne (13400)
2026-06-03 15:38:20 | INFO     | contact_manager | [DEBUG] Screenshot : C:\Users\tepep\Bureau\bot_agence_immo\screenshots\screenshot_formulaire.png
2026-06-03 15:38:21 | INFO     | contact_manager | [DEBUG] HTML sauvegarde : C:\Users\tepep\Bureau\bot_agence_immo\debug\page_formulaire.html
2026-06-03 15:38:21 | INFO     | contact_manager | [DEBUG] Recherche des boutons de contact...
2026-06-03 15:38:25 | INFO     | contact_manager | [DEBUG] 1 bouton(s) de contact trouve(s) :
2026-06-03 15:38:25 | INFO     | contact_manager |   [button] texte='Contacter l'agence' | href=''
2026-06-03 15:38:27 | ERROR    | contact_manager | Erreur inattendue pour https://www.seloger.com/annonces/achat/appartement/aubagne-13/centre-ville/239591851.htm?serp_view=list&search=distributionTypes%3DBuy%26estateTypes%3DApartment%26locations%3DAD08FR4491%26numberOfBedroomsMin%3D2%26numberOfRoomsMin%3D4%26priceMax%3D1000000%26spaceMin%3D80#ln=classified_search_results&m=classified_search_results_classified_classified_detail_XL : Message: element click intercepted: Element <button type="submit" tabindex="0" data-react-aria-pressable="true" class="css-rb6sau" data-testid="cdp-contact-form-submit.email">...</button> is not clickable at point (1364, 492). Other element would receive the click: <div id="usercentrics-root" data-created-at="1780493872997" data-react-aria-top-layer="true" style=""></div>
  (Session info: chrome=148.0.7778.216); For documentation on this error, please visit: https://www.selenium.dev/documentation/webdriver/troubleshooting/errors#elementclickinterceptedexception
Stacktrace:
	chromedriver!GetHandleVerifier [0x7ff684b87de5+14895]
	chromedriver!GetHandleVerifier [0x7ff684b87e50+14900]
	chromedriver!(No symbol) [0x7ff6848ed5ad]
	chromedriver!(No symbol) [0x7ff68494f3b5]
	chromedriver!(No symbol) [0x7ff68494cfca]
	chromedriver!(No symbol) [0x7ff68494a307]
	chromedriver!(No symbol) [0x7ff6849491b7]
	chromedriver!(No symbol) [0x7ff68493bce6]
	chromedriver!(No symbol) [0x7ff68497005a]
	chromedriver!(No symbol) [0x7ff68493b566]
	chromedriver!(No symbol) [0x7ff68499486f]
	chromedriver!(No symbol) [0x7ff684939df8]
	chromedriver!(No symbol) [0x7ff68493ace3]
	chromedriver!GetHandleVerifier [0x7ff684e9cc49+3296f9]
	chromedriver!GetHandleVerifier [0x7ff684e97375+323e25]
	chromedriver!GetHandleVerifier [0x7ff684ebbc82+348732]
	chromedriver!GetHandleVerifier [0x7ff684ba6045+32af5]
	chromedriver!GetHandleVerifier [0x7ff684baecec+3b79c]
	chromedriver!GetHandleVerifier [0x7ff684b91bc4+1e674]
	chromedriver!GetHandleVerifier [0x7ff684b91d54+1e804]
	chromedriver!GetHandleVerifier [0x7ff684b760e7+2b97]
	KERNEL32!BaseThreadInitThunk [0x7fff96b57374+14]
	ntdll!RtlUserThreadStart [0x7fff97a3cc91+21]

2026-06-03 15:38:27 | WARNING  | scraper | Screenshot : C:\Users\tepep\Bureau\bot_agence_immo\screenshots\erreur_erreur_contact_20260603_153827.png
2026-06-03 15:38:27 | DEBUG    | excel_manager | Annonce enregistrée dans Excel : 
2026-06-03 15:38:28 | INFO     | main | [2/10] https://www.seloger.com/annonces/achat/appartement/marseille-6eme-13/palais-de-justice/270216291.htm?serp_view=list&search=distributionTypes%3DBuy%26estateTypes%3DApartment%26locations%3DAD08FR4491%26numberOfBedroomsMin%3D2%26numberOfRoomsMin%3D4%26priceMax%3D1000000%26spaceMin%3D80#ln=classified_search_results&m=classified_search_results_classified_classified_detail_XL
2026-06-03 15:38:28 | INFO     | contact_manager | Contact : https://www.seloger.com/annonces/achat/appartement/marseille-6eme-13/palais-de-justice/270216291.htm?serp_view=list&search=distributionTypes%3DBuy%26estateTypes%3DApartment%26locations%3DAD08FR4491%26numberOfBedroomsMin%3D2%26numberOfRoomsMin%3D4%26priceMax%3D1000000%26spaceMin%3D80#ln=classified_search_results&m=classified_search_results_classified_classified_detail_XL
2026-06-03 15:38:58 | INFO     | contact_manager | [DEBUG] URL     : https://www.seloger.com/annonces/achat/appartement/marseille-6eme-13/palais-de-justice/270216291.htm?serp_view=list&search=distributionTypes%3DBuy%26estateTypes%3DApartment%26locations%3DAD08FR4491%26numberOfBedroomsMin%3D2%26numberOfRoomsMin%3D4%26priceMax%3D1000000%26spaceMin%3D80#ln=classified_search_results&m=classified_search_results_classified_classified_detail_XL
2026-06-03 15:38:58 | INFO     | contact_manager | [DEBUG] Titre   : Appartement à vendre T5/F5 141 m² 670000 € Palais de Justice Marseille (13006)
2026-06-03 15:38:58 | INFO     | contact_manager | [DEBUG] Screenshot : C:\Users\tepep\Bureau\bot_agence_immo\screenshots\screenshot_formulaire.png
2026-06-03 15:38:59 | INFO     | contact_manager | [DEBUG] HTML sauvegarde : C:\Users\tepep\Bureau\bot_agence_immo\debug\page_formulaire.html
2026-06-03 15:38:59 | INFO     | contact_manager | [DEBUG] Recherche des boutons de contact...
2026-06-03 15:39:03 | INFO     | contact_manager | [DEBUG] 1 bouton(s) de contact trouve(s) :
2026-06-03 15:39:03 | INFO     | contact_manager |   [button] texte='Contacter l'agence' | href=''
2026-06-03 15:39:05 | ERROR    | contact_manager | Erreur inattendue pour https://www.seloger.com/annonces/achat/appartement/marseille-6eme-13/palais-de-justice/270216291.htm?serp_view=list&search=distributionTypes%3DBuy%26estateTypes%3DApartment%26locations%3DAD08FR4491%26numberOfBedroomsMin%3D2%26numberOfRoomsMin%3D4%26priceMax%3D1000000%26spaceMin%3D80#ln=classified_search_results&m=classified_search_results_classified_classified_detail_XL : Message: element click intercepted: Element <button type="submit" tabindex="0" data-react-aria-pressable="true" class="css-rb6sau" data-testid="cdp-contact-form-submit.email">...</button> is not clickable at point (1364, 492). Other element would receive the click: <div id="usercentrics-root" data-created-at="1780493911705" data-react-aria-top-layer="true" style=""></div>
  (Session info: chrome=148.0.7778.216); For documentation on this error, please visit: https://www.selenium.dev/documentation/webdriver/troubleshooting/errors#elementclickinterceptedexception
Stacktrace:
	chromedriver!GetHandleVerifier [0x7ff684b87de5+14895]
	chromedriver!GetHandleVerifier [0x7ff684b87e50+14900]
	chromedriver!(No symbol) [0x7ff6848ed5ad]
	chromedriver!(No symbol) [0x7ff68494f3b5]
	chromedriver!(No symbol) [0x7ff68494cfca]
	chromedriver!(No symbol) [0x7ff68494a307]
	chromedriver!(No symbol) [0x7ff6849491b7]
	chromedriver!(No symbol) [0x7ff68493bce6]
	chromedriver!(No symbol) [0x7ff68497005a]
	chromedriver!(No symbol) [0x7ff68493b566]
	chromedriver!(No symbol) [0x7ff68499486f]
	chromedriver!(No symbol) [0x7ff684939df8]
	chromedriver!(No symbol) [0x7ff68493ace3]
	chromedriver!GetHandleVerifier [0x7ff684e9cc49+3296f9]
	chromedriver!GetHandleVerifier [0x7ff684e97375+323e25]
	chromedriver!GetHandleVerifier [0x7ff684ebbc82+348732]
	chromedriver!GetHandleVerifier [0x7ff684ba6045+32af5]
	chromedriver!GetHandleVerifier [0x7ff684baecec+3b79c]
	chromedriver!GetHandleVerifier [0x7ff684b91bc4+1e674]
	chromedriver!GetHandleVerifier [0x7ff684b91d54+1e804]
	chromedriver!GetHandleVerifier [0x7ff684b760e7+2b97]
	KERNEL32!BaseThreadInitThunk [0x7fff96b57374+14]
	ntdll!RtlUserThreadStart [0x7fff97a3cc91+21]

2026-06-03 15:39:06 | WARNING  | scraper | Screenshot : C:\Users\tepep\Bureau\bot_agence_immo\screenshots\erreur_erreur_contact_20260603_153905.png
2026-06-03 15:39:06 | DEBUG    | excel_manager | Annonce enregistrée dans Excel : 
2026-06-03 15:39:07 | INFO     | main | [3/10] https://www.seloger.com/annonces/achat/appartement/marseille-16eme-13/l-estaque/269782463.htm?serp_view=list&search=distributionTypes%3DBuy%26estateTypes%3DApartment%26locations%3DAD08FR4491%26numberOfBedroomsMin%3D2%26numberOfRoomsMin%3D4%26priceMax%3D1000000%26spaceMin%3D80#ln=classified_search_results&m=classified_search_results_classified_classified_detail_XL
2026-06-03 15:39:07 | INFO     | contact_manager | Contact : https://www.seloger.com/annonces/achat/appartement/marseille-16eme-13/l-estaque/269782463.htm?serp_view=list&search=distributionTypes%3DBuy%26estateTypes%3DApartment%26locations%3DAD08FR4491%26numberOfBedroomsMin%3D2%26numberOfRoomsMin%3D4%26priceMax%3D1000000%26spaceMin%3D80#ln=classified_search_results&m=classified_search_results_classified_classified_detail_XL
2026-06-03 15:39:39 | INFO     | contact_manager | [DEBUG] URL     : https://www.seloger.com/annonces/achat/appartement/marseille-16eme-13/l-estaque/269782463.htm?serp_view=list&search=distributionTypes%3DBuy%26estateTypes%3DApartment%26locations%3DAD08FR4491%26numberOfBedroomsMin%3D2%26numberOfRoomsMin%3D4%26priceMax%3D1000000%26spaceMin%3D80#ln=classified_search_results&m=classified_search_results_classified_classified_detail_XL
2026-06-03 15:39:39 | INFO     | contact_manager | [DEBUG] Titre   : Appartement à vendre T5/F5 136 m² 550000 € L'Estaque Marseille (13016)
2026-06-03 15:39:40 | INFO     | contact_manager | [DEBUG] Screenshot : C:\Users\tepep\Bureau\bot_agence_immo\screenshots\screenshot_formulaire.png
2026-06-03 15:39:40 | INFO     | contact_manager | [DEBUG] HTML sauvegarde : C:\Users\tepep\Bureau\bot_agence_immo\debug\page_formulaire.html
2026-06-03 15:39:40 | INFO     | contact_manager | [DEBUG] Recherche des boutons de contact...
2026-06-03 15:39:45 | INFO     | contact_manager | [DEBUG] 1 bouton(s) de contact trouve(s) :
2026-06-03 15:39:45 | INFO     | contact_manager |   [button] texte='Contacter l'agence' | href=''
2026-06-03 15:39:46 | ERROR    | contact_manager | Erreur inattendue pour https://www.seloger.com/annonces/achat/appartement/marseille-16eme-13/l-estaque/269782463.htm?serp_view=list&search=distributionTypes%3DBuy%26estateTypes%3DApartment%26locations%3DAD08FR4491%26numberOfBedroomsMin%3D2%26numberOfRoomsMin%3D4%26priceMax%3D1000000%26spaceMin%3D80#ln=classified_search_results&m=classified_search_results_classified_classified_detail_XL : Message: element click intercepted: Element <button type="submit" tabindex="0" data-react-aria-pressable="true" class="css-rb6sau" data-testid="cdp-contact-form-submit.email">...</button> is not clickable at point (1364, 492). Other element would receive the click: <div id="usercentrics-root" data-created-at="1780493952384" data-react-aria-top-layer="true" style=""></div>
  (Session info: chrome=148.0.7778.216); For documentation on this error, please visit: https://www.selenium.dev/documentation/webdriver/troubleshooting/errors#elementclickinterceptedexception
Stacktrace:
	chromedriver!GetHandleVerifier [0x7ff684b87de5+14895]
	chromedriver!GetHandleVerifier [0x7ff684b87e50+14900]
	chromedriver!(No symbol) [0x7ff6848ed5ad]
	chromedriver!(No symbol) [0x7ff68494f3b5]
	chromedriver!(No symbol) [0x7ff68494cfca]
	chromedriver!(No symbol) [0x7ff68494a307]
	chromedriver!(No symbol) [0x7ff6849491b7]
	chromedriver!(No symbol) [0x7ff68493bce6]
	chromedriver!(No symbol) [0x7ff68497005a]
	chromedriver!(No symbol) [0x7ff68493b566]
	chromedriver!(No symbol) [0x7ff68499486f]
	chromedriver!(No symbol) [0x7ff684939df8]
	chromedriver!(No symbol) [0x7ff68493ace3]
	chromedriver!GetHandleVerifier [0x7ff684e9cc49+3296f9]
	chromedriver!GetHandleVerifier [0x7ff684e97375+323e25]
	chromedriver!GetHandleVerifier [0x7ff684ebbc82+348732]
	chromedriver!GetHandleVerifier [0x7ff684ba6045+32af5]
	chromedriver!GetHandleVerifier [0x7ff684baecec+3b79c]
	chromedriver!GetHandleVerifier [0x7ff684b91bc4+1e674]
	chromedriver!GetHandleVerifier [0x7ff684b91d54+1e804]
	chromedriver!GetHandleVerifier [0x7ff684b760e7+2b97]
	KERNEL32!BaseThreadInitThunk [0x7fff96b57374+14]
	ntdll!RtlUserThreadStart [0x7fff97a3cc91+21]

2026-06-03 15:39:47 | WARNING  | scraper | Screenshot : C:\Users\tepep\Bureau\bot_agence_immo\screenshots\erreur_erreur_contact_20260603_153946.png
2026-06-03 15:39:47 | DEBUG    | excel_manager | Annonce enregistrée dans Excel : 
2026-06-03 15:39:48 | INFO     | main | [4/10] https://www.seloger.com/annonces/achat/appartement/marseille-13/270647835.htm?serp_view=list&search=distributionTypes%3DBuy%26estateTypes%3DApartment%26locations%3DAD08FR4491%26numberOfBedroomsMin%3D2%26numberOfRoomsMin%3D4%26priceMax%3D1000000%26spaceMin%3D80#ln=classified_search_results&m=classified_search_results_classified_classified_detail_XL
2026-06-03 15:39:48 | INFO     | contact_manager | Contact : https://www.seloger.com/annonces/achat/appartement/marseille-13/270647835.htm?serp_view=list&search=distributionTypes%3DBuy%26estateTypes%3DApartment%26locations%3DAD08FR4491%26numberOfBedroomsMin%3D2%26numberOfRoomsMin%3D4%26priceMax%3D1000000%26spaceMin%3D80#ln=classified_search_results&m=classified_search_results_classified_classified_detail_XL
2026-06-03 15:40:18 | INFO     | contact_manager | [DEBUG] URL     : https://www.seloger.com/annonces/achat/appartement/marseille-9eme-13/le-cabot/270647835.htm?search=distributionTypes%3DBuy%26estateTypes%3DApartment%26locations%3DAD08FR4491%26numberOfBedroomsMin%3D2%26numberOfRoomsMin%3D4%26priceMax%3D1000000%26spaceMin%3D80&serp_view=list#ln=classified_search_results&m=classified_search_results_classified_classified_detail_XL
2026-06-03 15:40:18 | INFO     | contact_manager | [DEBUG] Titre   : Appartement à vendre T4/F4 98 m² 425000 € Le Cabot Marseille (13009)
2026-06-03 15:40:19 | INFO     | contact_manager | [DEBUG] Screenshot : C:\Users\tepep\Bureau\bot_agence_immo\screenshots\screenshot_formulaire.png
2026-06-03 15:40:19 | INFO     | contact_manager | [DEBUG] HTML sauvegarde : C:\Users\tepep\Bureau\bot_agence_immo\debug\page_formulaire.html
2026-06-03 15:40:19 | INFO     | contact_manager | [DEBUG] Recherche des boutons de contact...
2026-06-03 15:40:24 | INFO     | contact_manager | [DEBUG] 1 bouton(s) de contact trouve(s) :
2026-06-03 15:40:24 | INFO     | contact_manager |   [button] texte='Contacter l'agence' | href=''
2026-06-03 15:40:25 | ERROR    | contact_manager | Erreur inattendue pour https://www.seloger.com/annonces/achat/appartement/marseille-13/270647835.htm?serp_view=list&search=distributionTypes%3DBuy%26estateTypes%3DApartment%26locations%3DAD08FR4491%26numberOfBedroomsMin%3D2%26numberOfRoomsMin%3D4%26priceMax%3D1000000%26spaceMin%3D80#ln=classified_search_results&m=classified_search_results_classified_classified_detail_XL : Message: element click intercepted: Element <button type="submit" tabindex="0" data-react-aria-pressable="true" class="css-rb6sau" data-testid="cdp-contact-form-submit.email">...</button> is not clickable at point (1364, 492). Other element would receive the click: <div id="usercentrics-root" data-created-at="1780493991637" data-react-aria-top-layer="true" style=""></div>
  (Session info: chrome=148.0.7778.216); For documentation on this error, please visit: https://www.selenium.dev/documentation/webdriver/troubleshooting/errors#elementclickinterceptedexception
Stacktrace:
	chromedriver!GetHandleVerifier [0x7ff684b87de5+14895]
	chromedriver!GetHandleVerifier [0x7ff684b87e50+14900]
	chromedriver!(No symbol) [0x7ff6848ed5ad]
	chromedriver!(No symbol) [0x7ff68494f3b5]
	chromedriver!(No symbol) [0x7ff68494cfca]
	chromedriver!(No symbol) [0x7ff68494a307]
	chromedriver!(No symbol) [0x7ff6849491b7]
	chromedriver!(No symbol) [0x7ff68493bce6]
	chromedriver!(No symbol) [0x7ff68497005a]
	chromedriver!(No symbol) [0x7ff68493b566]
	chromedriver!(No symbol) [0x7ff68499486f]
	chromedriver!(No symbol) [0x7ff684939df8]
	chromedriver!(No symbol) [0x7ff68493ace3]
	chromedriver!GetHandleVerifier [0x7ff684e9cc49+3296f9]
	chromedriver!GetHandleVerifier [0x7ff684e97375+323e25]
	chromedriver!GetHandleVerifier [0x7ff684ebbc82+348732]
	chromedriver!GetHandleVerifier [0x7ff684ba6045+32af5]
	chromedriver!GetHandleVerifier [0x7ff684baecec+3b79c]
	chromedriver!GetHandleVerifier [0x7ff684b91bc4+1e674]
	chromedriver!GetHandleVerifier [0x7ff684b91d54+1e804]
	chromedriver!GetHandleVerifier [0x7ff684b760e7+2b97]
	KERNEL32!BaseThreadInitThunk [0x7fff96b57374+14]
	ntdll!RtlUserThreadStart [0x7fff97a3cc91+21]

2026-06-03 15:40:26 | WARNING  | scraper | Screenshot : C:\Users\tepep\Bureau\bot_agence_immo\screenshots\erreur_erreur_contact_20260603_154025.png
2026-06-03 15:40:26 | DEBUG    | excel_manager | Annonce enregistrée dans Excel : 
2026-06-03 15:40:27 | INFO     | main | [5/10] https://www.seloger.com/annonces/achat/appartement/marseille-9eme-13/269581521.htm?serp_view=list&search=distributionTypes%3DBuy%26estateTypes%3DApartment%26locations%3DAD08FR4491%26numberOfBedroomsMin%3D2%26numberOfRoomsMin%3D4%26priceMax%3D1000000%26spaceMin%3D80#ln=classified_search_results&m=classified_search_results_classified_classified_detail_XL
2026-06-03 15:40:27 | INFO     | contact_manager | Contact : https://www.seloger.com/annonces/achat/appartement/marseille-9eme-13/269581521.htm?serp_view=list&search=distributionTypes%3DBuy%26estateTypes%3DApartment%26locations%3DAD08FR4491%26numberOfBedroomsMin%3D2%26numberOfRoomsMin%3D4%26priceMax%3D1000000%26spaceMin%3D80#ln=classified_search_results&m=classified_search_results_classified_classified_detail_XL
2026-06-03 15:40:57 | INFO     | contact_manager | [DEBUG] URL     : https://www.seloger.com/annonces/achat/appartement/marseille-13/269581521.htm?search=distributionTypes%3DBuy%26estateTypes%3DApartment%26locations%3DAD08FR4491%26numberOfBedroomsMin%3D2%26numberOfRoomsMin%3D4%26priceMax%3D1000000%26spaceMin%3D80&serp_view=list#ln=classified_search_results&m=classified_search_results_classified_classified_detail_XL
2026-06-03 15:40:57 | INFO     | contact_manager | [DEBUG] Titre   : Appartement à vendre T4/F4 90 m² 249000 € Marseille (13009)
2026-06-03 15:40:57 | INFO     | contact_manager | [DEBUG] Screenshot : C:\Users\tepep\Bureau\bot_agence_immo\screenshots\screenshot_formulaire.png
2026-06-03 15:40:57 | INFO     | contact_manager | [DEBUG] HTML sauvegarde : C:\Users\tepep\Bureau\bot_agence_immo\debug\page_formulaire.html
2026-06-03 15:40:57 | INFO     | contact_manager | [DEBUG] Recherche des boutons de contact...
2026-06-03 15:41:03 | INFO     | contact_manager | [DEBUG] 1 bouton(s) de contact trouve(s) :
2026-06-03 15:41:03 | INFO     | contact_manager |   [button] texte='Contacter l'agence' | href=''
2026-06-03 15:41:04 | ERROR    | contact_manager | Erreur inattendue pour https://www.seloger.com/annonces/achat/appartement/marseille-9eme-13/269581521.htm?serp_view=list&search=distributionTypes%3DBuy%26estateTypes%3DApartment%26locations%3DAD08FR4491%26numberOfBedroomsMin%3D2%26numberOfRoomsMin%3D4%26priceMax%3D1000000%26spaceMin%3D80#ln=classified_search_results&m=classified_search_results_classified_classified_detail_XL : Message: element click intercepted: Element <button type="submit" tabindex="0" data-react-aria-pressable="true" class="css-rb6sau" data-testid="cdp-contact-form-submit.email">...</button> is not clickable at point (1364, 492). Other element would receive the click: <div id="usercentrics-root" data-created-at="1780494030427" data-react-aria-top-layer="true" style=""></div>
  (Session info: chrome=148.0.7778.216); For documentation on this error, please visit: https://www.selenium.dev/documentation/webdriver/troubleshooting/errors#elementclickinterceptedexception
Stacktrace:
	chromedriver!GetHandleVerifier [0x7ff684b87de5+14895]
	chromedriver!GetHandleVerifier [0x7ff684b87e50+14900]
	chromedriver!(No symbol) [0x7ff6848ed5ad]
	chromedriver!(No symbol) [0x7ff68494f3b5]
	chromedriver!(No symbol) [0x7ff68494cfca]
	chromedriver!(No symbol) [0x7ff68494a307]
	chromedriver!(No symbol) [0x7ff6849491b7]
	chromedriver!(No symbol) [0x7ff68493bce6]
	chromedriver!(No symbol) [0x7ff68497005a]
	chromedriver!(No symbol) [0x7ff68493b566]
	chromedriver!(No symbol) [0x7ff68499486f]
	chromedriver!(No symbol) [0x7ff684939df8]
	chromedriver!(No symbol) [0x7ff68493ace3]
	chromedriver!GetHandleVerifier [0x7ff684e9cc49+3296f9]
	chromedriver!GetHandleVerifier [0x7ff684e97375+323e25]
	chromedriver!GetHandleVerifier [0x7ff684ebbc82+348732]
	chromedriver!GetHandleVerifier [0x7ff684ba6045+32af5]
	chromedriver!GetHandleVerifier [0x7ff684baecec+3b79c]
	chromedriver!GetHandleVerifier [0x7ff684b91bc4+1e674]
	chromedriver!GetHandleVerifier [0x7ff684b91d54+1e804]
	chromedriver!GetHandleVerifier [0x7ff684b760e7+2b97]
	KERNEL32!BaseThreadInitThunk [0x7fff96b57374+14]
	ntdll!RtlUserThreadStart [0x7fff97a3cc91+21]

2026-06-03 15:41:05 | WARNING  | scraper | Screenshot : C:\Users\tepep\Bureau\bot_agence_immo\screenshots\erreur_erreur_contact_20260603_154104.png
2026-06-03 15:41:05 | DEBUG    | excel_manager | Annonce enregistrée dans Excel : 
2026-06-03 15:41:06 | INFO     | main | [6/10] https://www.seloger.com/annonces/achat/appartement/marseille-13/270148159.htm?serp_view=list&search=distributionTypes%3DBuy%26estateTypes%3DApartment%26locations%3DAD08FR4491%26numberOfBedroomsMin%3D2%26numberOfRoomsMin%3D4%26priceMax%3D1000000%26spaceMin%3D80#ln=classified_search_results&m=classified_search_results_classified_classified_detail_XL
2026-06-03 15:41:06 | INFO     | contact_manager | Contact : https://www.seloger.com/annonces/achat/appartement/marseille-13/270148159.htm?serp_view=list&search=distributionTypes%3DBuy%26estateTypes%3DApartment%26locations%3DAD08FR4491%26numberOfBedroomsMin%3D2%26numberOfRoomsMin%3D4%26priceMax%3D1000000%26spaceMin%3D80#ln=classified_search_results&m=classified_search_results_classified_classified_detail_XL
2026-06-03 15:41:37 | INFO     | contact_manager | [DEBUG] URL     : https://www.seloger.com/annonces/achat/appartement/marseille-5eme-13/la-conception/270148159.htm?search=distributionTypes%3DBuy%26estateTypes%3DApartment%26locations%3DAD08FR4491%26numberOfBedroomsMin%3D2%26numberOfRoomsMin%3D4%26priceMax%3D1000000%26spaceMin%3D80&serp_view=list#ln=classified_search_results&m=classified_search_results_classified_classified_detail_XL
2026-06-03 15:41:37 | INFO     | contact_manager | [DEBUG] Titre   : Appartement à vendre T4/F4 85 m² 347000 € La Conception Marseille (13005)
2026-06-03 15:41:37 | INFO     | contact_manager | [DEBUG] Screenshot : C:\Users\tepep\Bureau\bot_agence_immo\screenshots\screenshot_formulaire.png
2026-06-03 15:41:37 | INFO     | contact_manager | [DEBUG] HTML sauvegarde : C:\Users\tepep\Bureau\bot_agence_immo\debug\page_formulaire.html
2026-06-03 15:41:37 | INFO     | contact_manager | [DEBUG] Recherche des boutons de contact...
2026-06-03 15:41:42 | INFO     | contact_manager | [DEBUG] 1 bouton(s) de contact trouve(s) :
2026-06-03 15:41:42 | INFO     | contact_manager |   [button] texte='Contacter l'agence' | href=''
2026-06-03 15:41:44 | ERROR    | contact_manager | Erreur inattendue pour https://www.seloger.com/annonces/achat/appartement/marseille-13/270148159.htm?serp_view=list&search=distributionTypes%3DBuy%26estateTypes%3DApartment%26locations%3DAD08FR4491%26numberOfBedroomsMin%3D2%26numberOfRoomsMin%3D4%26priceMax%3D1000000%26spaceMin%3D80#ln=classified_search_results&m=classified_search_results_classified_classified_detail_XL : Message: element click intercepted: Element <button type="submit" tabindex="0" data-react-aria-pressable="true" class="css-rb6sau" data-testid="cdp-contact-form-submit.email">...</button> is not clickable at point (1364, 492). Other element would receive the click: <div id="usercentrics-root" data-created-at="1780494070619" data-react-aria-top-layer="true" style=""></div>
  (Session info: chrome=148.0.7778.216); For documentation on this error, please visit: https://www.selenium.dev/documentation/webdriver/troubleshooting/errors#elementclickinterceptedexception
Stacktrace:
	chromedriver!GetHandleVerifier [0x7ff684b87de5+14895]
	chromedriver!GetHandleVerifier [0x7ff684b87e50+14900]
	chromedriver!(No symbol) [0x7ff6848ed5ad]
	chromedriver!(No symbol) [0x7ff68494f3b5]
	chromedriver!(No symbol) [0x7ff68494cfca]
	chromedriver!(No symbol) [0x7ff68494a307]
	chromedriver!(No symbol) [0x7ff6849491b7]
	chromedriver!(No symbol) [0x7ff68493bce6]
	chromedriver!(No symbol) [0x7ff68497005a]
	chromedriver!(No symbol) [0x7ff68493b566]
	chromedriver!(No symbol) [0x7ff68499486f]
	chromedriver!(No symbol) [0x7ff684939df8]
	chromedriver!(No symbol) [0x7ff68493ace3]
	chromedriver!GetHandleVerifier [0x7ff684e9cc49+3296f9]
	chromedriver!GetHandleVerifier [0x7ff684e97375+323e25]
	chromedriver!GetHandleVerifier [0x7ff684ebbc82+348732]
	chromedriver!GetHandleVerifier [0x7ff684ba6045+32af5]
	chromedriver!GetHandleVerifier [0x7ff684baecec+3b79c]
	chromedriver!GetHandleVerifier [0x7ff684b91bc4+1e674]
	chromedriver!GetHandleVerifier [0x7ff684b91d54+1e804]
	chromedriver!GetHandleVerifier [0x7ff684b760e7+2b97]
	KERNEL32!BaseThreadInitThunk [0x7fff96b57374+14]
	ntdll!RtlUserThreadStart [0x7fff97a3cc91+21]

2026-06-03 15:41:44 | WARNING  | scraper | Screenshot : C:\Users\tepep\Bureau\bot_agence_immo\screenshots\erreur_erreur_contact_20260603_154144.png
2026-06-03 15:41:44 | DEBUG    | excel_manager | Annonce enregistrée dans Excel : 
2026-06-03 15:41:45 | INFO     | main | [7/10] https://www.seloger.com/annonces/achat/appartement/marseille-11eme-13/la-pomme/270461639.htm?serp_view=list&search=distributionTypes%3DBuy%26estateTypes%3DApartment%26locations%3DAD08FR4491%26numberOfBedroomsMin%3D2%26numberOfRoomsMin%3D4%26priceMax%3D1000000%26spaceMin%3D80#ln=classified_search_results&m=classified_search_results_classified_classified_detail_XL
2026-06-03 15:41:45 | INFO     | contact_manager | Contact : https://www.seloger.com/annonces/achat/appartement/marseille-11eme-13/la-pomme/270461639.htm?serp_view=list&search=distributionTypes%3DBuy%26estateTypes%3DApartment%26locations%3DAD08FR4491%26numberOfBedroomsMin%3D2%26numberOfRoomsMin%3D4%26priceMax%3D1000000%26spaceMin%3D80#ln=classified_search_results&m=classified_search_results_classified_classified_detail_XL
2026-06-03 15:42:16 | INFO     | contact_manager | [DEBUG] URL     : https://www.seloger.com/annonces/achat/appartement/marseille-11eme-13/la-pomme/270461639.htm?serp_view=list&search=distributionTypes%3DBuy%26estateTypes%3DApartment%26locations%3DAD08FR4491%26numberOfBedroomsMin%3D2%26numberOfRoomsMin%3D4%26priceMax%3D1000000%26spaceMin%3D80#ln=classified_search_results&m=classified_search_results_classified_classified_detail_XL
2026-06-03 15:42:16 | INFO     | contact_manager | [DEBUG] Titre   : Appartement à vendre T4/F4 88 m² 230000 € La Pomme Marseille (13011)
2026-06-03 15:42:17 | INFO     | contact_manager | [DEBUG] Screenshot : C:\Users\tepep\Bureau\bot_agence_immo\screenshots\screenshot_formulaire.png
2026-06-03 15:42:17 | INFO     | contact_manager | [DEBUG] HTML sauvegarde : C:\Users\tepep\Bureau\bot_agence_immo\debug\page_formulaire.html
2026-06-03 15:42:17 | INFO     | contact_manager | [DEBUG] Recherche des boutons de contact...
2026-06-03 15:42:22 | INFO     | contact_manager | [DEBUG] 1 bouton(s) de contact trouve(s) :
2026-06-03 15:42:22 | INFO     | contact_manager |   [button] texte='Contacter l'agence' | href=''
2026-06-03 15:42:23 | ERROR    | contact_manager | Erreur inattendue pour https://www.seloger.com/annonces/achat/appartement/marseille-11eme-13/la-pomme/270461639.htm?serp_view=list&search=distributionTypes%3DBuy%26estateTypes%3DApartment%26locations%3DAD08FR4491%26numberOfBedroomsMin%3D2%26numberOfRoomsMin%3D4%26priceMax%3D1000000%26spaceMin%3D80#ln=classified_search_results&m=classified_search_results_classified_classified_detail_XL : Message: element click intercepted: Element <button type="submit" tabindex="0" data-react-aria-pressable="true" class="css-rb6sau" data-testid="cdp-contact-form-submit.email">...</button> is not clickable at point (1364, 492). Other element would receive the click: <div id="usercentrics-root" data-created-at="1780494109561" data-react-aria-top-layer="true" style=""></div>
  (Session info: chrome=148.0.7778.216); For documentation on this error, please visit: https://www.selenium.dev/documentation/webdriver/troubleshooting/errors#elementclickinterceptedexception
Stacktrace:
	chromedriver!GetHandleVerifier [0x7ff684b87de5+14895]
	chromedriver!GetHandleVerifier [0x7ff684b87e50+14900]
	chromedriver!(No symbol) [0x7ff6848ed5ad]
	chromedriver!(No symbol) [0x7ff68494f3b5]
	chromedriver!(No symbol) [0x7ff68494cfca]
	chromedriver!(No symbol) [0x7ff68494a307]
	chromedriver!(No symbol) [0x7ff6849491b7]
	chromedriver!(No symbol) [0x7ff68493bce6]
	chromedriver!(No symbol) [0x7ff68497005a]
	chromedriver!(No symbol) [0x7ff68493b566]
	chromedriver!(No symbol) [0x7ff68499486f]
	chromedriver!(No symbol) [0x7ff684939df8]
	chromedriver!(No symbol) [0x7ff68493ace3]
	chromedriver!GetHandleVerifier [0x7ff684e9cc49+3296f9]
	chromedriver!GetHandleVerifier [0x7ff684e97375+323e25]
	chromedriver!GetHandleVerifier [0x7ff684ebbc82+348732]
	chromedriver!GetHandleVerifier [0x7ff684ba6045+32af5]
	chromedriver!GetHandleVerifier [0x7ff684baecec+3b79c]
	chromedriver!GetHandleVerifier [0x7ff684b91bc4+1e674]
	chromedriver!GetHandleVerifier [0x7ff684b91d54+1e804]
	chromedriver!GetHandleVerifier [0x7ff684b760e7+2b97]
	KERNEL32!BaseThreadInitThunk [0x7fff96b57374+14]
	ntdll!RtlUserThreadStart [0x7fff97a3cc91+21]

2026-06-03 15:42:24 | WARNING  | scraper | Screenshot : C:\Users\tepep\Bureau\bot_agence_immo\screenshots\erreur_erreur_contact_20260603_154223.png
2026-06-03 15:42:24 | DEBUG    | excel_manager | Annonce enregistrée dans Excel : 
2026-06-03 15:42:25 | INFO     | main | [8/10] https://www.seloger.com/annonces/achat/appartement/marseille-13/269961367.htm?serp_view=list&search=distributionTypes%3DBuy%26estateTypes%3DApartment%26locations%3DAD08FR4491%26numberOfBedroomsMin%3D2%26numberOfRoomsMin%3D4%26priceMax%3D1000000%26spaceMin%3D80#ln=classified_search_results&m=classified_search_results_classified_classified_detail_XL
2026-06-03 15:42:25 | INFO     | contact_manager | Contact : https://www.seloger.com/annonces/achat/appartement/marseille-13/269961367.htm?serp_view=list&search=distributionTypes%3DBuy%26estateTypes%3DApartment%26locations%3DAD08FR4491%26numberOfBedroomsMin%3D2%26numberOfRoomsMin%3D4%26priceMax%3D1000000%26spaceMin%3D80#ln=classified_search_results&m=classified_search_results_classified_classified_detail_XL
2026-06-03 15:44:37 | INFO     | main | ============================================================
2026-06-03 15:44:37 | INFO     | main | Démarrage du bot SeLoger
2026-06-03 15:44:37 | INFO     | main | Critères : Marseille | achat | appartement | <=1000000EUR | >=80m2 | >=4p | >=2ch
2026-06-03 15:44:37 | INFO     | main | Messages a envoyer : 10
2026-06-03 15:44:37 | INFO     | main | ============================================================
2026-06-03 15:44:37 | DEBUG    | excel_manager | Fichier Excel existant chargé : C:\Users\tepep\Bureau\bot_agence_immo\data\annonces_contactees.xlsx
2026-06-03 15:44:37 | DEBUG    | excel_manager | 10 lien(s) déjà enregistré(s).
2026-06-03 15:44:37 | INFO     | main | 10 annonce(s) deja contactee(s) en base.
2026-06-03 15:44:37 | INFO     | scraper | Démarrage de Chrome (headless, sans images)...
2026-06-03 15:44:41 | INFO     | scraper | Chrome démarré avec succès.
2026-06-03 15:44:41 | INFO     | city_resolver | Résolution du code SeLoger pour : 'Marseille'
2026-06-03 15:45:10 | INFO     | city_resolver | Recherche du champ ville...
2026-06-03 15:45:10 | INFO     | city_resolver | Champ trouvé avec le sélecteur : input[placeholder='Saisir le lieu ou le code postal']
2026-06-03 15:45:49 | INFO     | city_resolver | Aucun code dans les suggestions — soumission du formulaire...
2026-06-03 15:45:57 | INFO     | city_resolver | Code extrait depuis l'URL : AD08FR4491
2026-06-03 15:45:57 | INFO     | url_builder | URL generee : https://www.seloger.com/classified-search?distributionTypes=Buy&estateTypes=Apartment&locations=AD08FR4491&priceMax=1000000&spaceMin=80&numberOfRoomsMin=4&numberOfBedroomsMin=2
2026-06-03 15:45:57 | INFO     | main | Temps recherche : 76.3s
2026-06-03 15:45:57 | INFO     | scraper | URL générée : https://www.seloger.com/classified-search?distributionTypes=Buy&estateTypes=Apartment&locations=AD08FR4491&priceMax=1000000&spaceMin=80&numberOfRoomsMin=4&numberOfBedroomsMin=2
2026-06-03 15:46:30 | INFO     | scraper | Collecte des liens — page 1...
2026-06-03 15:46:31 | INFO     | scraper | Page 1 : 20 lien(s) trouvé(s).
2026-06-03 15:46:31 | INFO     | scraper |   -> https://www.seloger.com/annonces/achat/appartement/marseille-13/270647835.htm?serp_view=list&search=distributionTypes%3DBuy%26estateTypes%3DApartment%26locations%3DAD08FR4491%26numberOfBedroomsMin%3D2%26numberOfRoomsMin%3D4%26priceMax%3D1000000%26spaceMin%3D80#ln=classified_search_results&m=classified_search_results_classified_classified_detail_XL
2026-06-03 15:46:31 | INFO     | scraper |   -> https://www.seloger.com/annonces/achat/appartement/marseille-9eme-13/269581521.htm?serp_view=list&search=distributionTypes%3DBuy%26estateTypes%3DApartment%26locations%3DAD08FR4491%26numberOfBedroomsMin%3D2%26numberOfRoomsMin%3D4%26priceMax%3D1000000%26spaceMin%3D80#ln=classified_search_results&m=classified_search_results_classified_classified_detail_XL
2026-06-03 15:46:31 | INFO     | scraper |   -> https://www.seloger.com/annonces/achat/appartement/marseille-6eme-13/palais-de-justice/270216291.htm?serp_view=list&search=distributionTypes%3DBuy%26estateTypes%3DApartment%26locations%3DAD08FR4491%26numberOfBedroomsMin%3D2%26numberOfRoomsMin%3D4%26priceMax%3D1000000%26spaceMin%3D80#ln=classified_search_results&m=classified_search_results_classified_classified_detail_XL
2026-06-03 15:46:56 | INFO     | scraper | Total liens collectés : 20
2026-06-03 15:46:56 | INFO     | main | Temps recuperation annonces : 59.2s
2026-06-03 15:46:56 | INFO     | main | Annonces trouvees : 20
2026-06-03 15:46:56 | INFO     | main | 12 nouveaux lien(s) a analyser (8 doublon(s) ignores).
2026-06-03 15:46:56 | INFO     | main | Limite appliquee : 10 annonce(s).
2026-06-03 15:46:56 | INFO     | fetcher | Extraction de 10 fiche(s) — 6 workers parallèles.
2026-06-03 15:46:59 | INFO     | fetcher |   OK : '' |  |  | 
2026-06-03 15:46:59 | INFO     | fetcher |   OK : '' |  |  | 
2026-06-03 15:47:00 | INFO     | fetcher |   OK : '' |  |  | 
2026-06-03 15:47:00 | INFO     | fetcher |   OK : '' |  |  | 
2026-06-03 15:47:00 | INFO     | fetcher |   OK : '' |  |  | 
2026-06-03 15:47:00 | INFO     | fetcher |   OK : '' |  |  | 
2026-06-03 15:47:00 | INFO     | fetcher |   OK : '' |  |  | 
2026-06-03 15:47:00 | INFO     | fetcher |   OK : '' |  |  | 
2026-06-03 15:47:00 | INFO     | fetcher |   OK : '' |  |  | 
2026-06-03 15:47:01 | INFO     | fetcher |   OK : '' |  |  | 
2026-06-03 15:47:01 | INFO     | fetcher | Extraction terminée : 10/10 réussies.
2026-06-03 15:47:01 | INFO     | main | Temps extraction : 4.7s
2026-06-03 15:47:01 | INFO     | main | Annonces analysees : 10
2026-06-03 15:47:01 | INFO     | main | [1/10] https://www.seloger.com/annonces/achat/appartement/marseille-8eme-13/le-rouet/270373957.htm?serp_view=list&search=distributionTypes%3DBuy%26estateTypes%3DApartment%26locations%3DAD08FR4491%26numberOfBedroomsMin%3D2%26numberOfRoomsMin%3D4%26priceMax%3D1000000%26spaceMin%3D80#ln=classified_search_results&m=classified_search_results_classified_classified_detail_XL
2026-06-03 15:47:01 | INFO     | contact_manager | Contact : https://www.seloger.com/annonces/achat/appartement/marseille-8eme-13/le-rouet/270373957.htm?serp_view=list&search=distributionTypes%3DBuy%26estateTypes%3DApartment%26locations%3DAD08FR4491%26numberOfBedroomsMin%3D2%26numberOfRoomsMin%3D4%26priceMax%3D1000000%26spaceMin%3D80#ln=classified_search_results&m=classified_search_results_classified_classified_detail_XL
2026-06-03 15:47:31 | INFO     | contact_manager | [DEBUG] URL     : https://www.seloger.com/annonces/achat/appartement/marseille-8eme-13/le-rouet/270373957.htm?serp_view=list&search=distributionTypes%3DBuy%26estateTypes%3DApartment%26locations%3DAD08FR4491%26numberOfBedroomsMin%3D2%26numberOfRoomsMin%3D4%26priceMax%3D1000000%26spaceMin%3D80#ln=classified_search_results&m=classified_search_results_classified_classified_detail_XL
2026-06-03 15:47:31 | INFO     | contact_manager | [DEBUG] Titre   : Appartement à vendre T4/F4 99 m² 343000 € Le Rouet Marseille (13008)
2026-06-03 15:47:32 | INFO     | contact_manager | [DEBUG] Screenshot : C:\Users\tepep\Bureau\bot_agence_immo\screenshots\screenshot_formulaire.png
2026-06-03 15:47:32 | INFO     | contact_manager | [DEBUG] HTML sauvegarde : C:\Users\tepep\Bureau\bot_agence_immo\debug\page_formulaire.html
2026-06-03 15:47:32 | INFO     | contact_manager | [DEBUG] Recherche des boutons de contact...
2026-06-03 15:47:36 | INFO     | contact_manager | [DEBUG] 1 bouton(s) de contact trouve(s) :
2026-06-03 15:47:37 | INFO     | contact_manager |   [button] texte='Contacter l'agence' | href=''
2026-06-03 15:47:39 | ERROR    | contact_manager | Erreur inattendue pour https://www.seloger.com/annonces/achat/appartement/marseille-8eme-13/le-rouet/270373957.htm?serp_view=list&search=distributionTypes%3DBuy%26estateTypes%3DApartment%26locations%3DAD08FR4491%26numberOfBedroomsMin%3D2%26numberOfRoomsMin%3D4%26priceMax%3D1000000%26spaceMin%3D80#ln=classified_search_results&m=classified_search_results_classified_classified_detail_XL : Message: element click intercepted: Element <button type="submit" tabindex="0" data-react-aria-pressable="true" class="css-rb6sau" data-testid="cdp-contact-form-submit.email">...</button> is not clickable at point (1364, 492). Other element would receive the click: <div id="usercentrics-root" data-created-at="1780494425247" data-react-aria-top-layer="true" style=""></div>
  (Session info: chrome=148.0.7778.216); For documentation on this error, please visit: https://www.selenium.dev/documentation/webdriver/troubleshooting/errors#elementclickinterceptedexception
Stacktrace:
	chromedriver!GetHandleVerifier [0x7ff656287de5+14895]
	chromedriver!GetHandleVerifier [0x7ff656287e50+14900]
	chromedriver!(No symbol) [0x7ff655fed5ad]
	chromedriver!(No symbol) [0x7ff65604f3b5]
	chromedriver!(No symbol) [0x7ff65604cfca]
	chromedriver!(No symbol) [0x7ff65604a307]
	chromedriver!(No symbol) [0x7ff6560491b7]
	chromedriver!(No symbol) [0x7ff65603bce6]
	chromedriver!(No symbol) [0x7ff65607005a]
	chromedriver!(No symbol) [0x7ff65603b566]
	chromedriver!(No symbol) [0x7ff65609486f]
	chromedriver!(No symbol) [0x7ff656039df8]
	chromedriver!(No symbol) [0x7ff65603ace3]
	chromedriver!GetHandleVerifier [0x7ff65659cc49+3296f9]
	chromedriver!GetHandleVerifier [0x7ff656597375+323e25]
	chromedriver!GetHandleVerifier [0x7ff6565bbc82+348732]
	chromedriver!GetHandleVerifier [0x7ff6562a6045+32af5]
	chromedriver!GetHandleVerifier [0x7ff6562aecec+3b79c]
	chromedriver!GetHandleVerifier [0x7ff656291bc4+1e674]
	chromedriver!GetHandleVerifier [0x7ff656291d54+1e804]
	chromedriver!GetHandleVerifier [0x7ff6562760e7+2b97]
	KERNEL32!BaseThreadInitThunk [0x7fff96b57374+14]
	ntdll!RtlUserThreadStart [0x7fff97a3cc91+21]

2026-06-03 15:47:39 | WARNING  | scraper | Screenshot : C:\Users\tepep\Bureau\bot_agence_immo\screenshots\erreur_erreur_contact_20260603_154739.png
2026-06-03 15:47:39 | DEBUG    | excel_manager | Annonce enregistrée dans Excel : 
2026-06-03 15:47:40 | INFO     | main | [2/10] https://www.seloger.com/annonces/achat/appartement/marseille-16eme-13/l-estaque/267312303.htm?serp_view=list&search=distributionTypes%3DBuy%26estateTypes%3DApartment%26locations%3DAD08FR4491%26numberOfBedroomsMin%3D2%26numberOfRoomsMin%3D4%26priceMax%3D1000000%26spaceMin%3D80#ln=classified_search_results&m=classified_search_results_classified_classified_detail_XL
2026-06-03 15:47:40 | INFO     | contact_manager | Contact : https://www.seloger.com/annonces/achat/appartement/marseille-16eme-13/l-estaque/267312303.htm?serp_view=list&search=distributionTypes%3DBuy%26estateTypes%3DApartment%26locations%3DAD08FR4491%26numberOfBedroomsMin%3D2%26numberOfRoomsMin%3D4%26priceMax%3D1000000%26spaceMin%3D80#ln=classified_search_results&m=classified_search_results_classified_classified_detail_XL
2026-06-03 15:48:11 | INFO     | contact_manager | [DEBUG] URL     : https://www.seloger.com/annonces/achat/appartement/marseille-16eme-13/l-estaque/267312303.htm?serp_view=list&search=distributionTypes%3DBuy%26estateTypes%3DApartment%26locations%3DAD08FR4491%26numberOfBedroomsMin%3D2%26numberOfRoomsMin%3D4%26priceMax%3D1000000%26spaceMin%3D80#ln=classified_search_results&m=classified_search_results_classified_classified_detail_XL
2026-06-03 15:48:11 | INFO     | contact_manager | [DEBUG] Titre   : Appartement à vendre T5/F5 94 m² 325500 € L'Estaque Marseille (13016)
2026-06-03 15:48:11 | INFO     | contact_manager | [DEBUG] Screenshot : C:\Users\tepep\Bureau\bot_agence_immo\screenshots\screenshot_formulaire.png
2026-06-03 15:48:12 | INFO     | contact_manager | [DEBUG] HTML sauvegarde : C:\Users\tepep\Bureau\bot_agence_immo\debug\page_formulaire.html
2026-06-03 15:48:12 | INFO     | contact_manager | [DEBUG] Recherche des boutons de contact...
2026-06-03 15:48:19 | INFO     | contact_manager | [DEBUG] 1 bouton(s) de contact trouve(s) :
2026-06-03 15:48:19 | INFO     | contact_manager |   [button] texte='Contacter l'agence' | href=''
2026-06-03 15:48:21 | ERROR    | contact_manager | Erreur inattendue pour https://www.seloger.com/annonces/achat/appartement/marseille-16eme-13/l-estaque/267312303.htm?serp_view=list&search=distributionTypes%3DBuy%26estateTypes%3DApartment%26locations%3DAD08FR4491%26numberOfBedroomsMin%3D2%26numberOfRoomsMin%3D4%26priceMax%3D1000000%26spaceMin%3D80#ln=classified_search_results&m=classified_search_results_classified_classified_detail_XL : Message: element click intercepted: Element <button type="submit" tabindex="0" data-react-aria-pressable="true" class="css-rb6sau" data-testid="cdp-contact-form-submit.email">...</button> is not clickable at point (1364, 492). Other element would receive the click: <div id="usercentrics-root" data-created-at="1780494464894" data-react-aria-top-layer="true" style=""></div>
  (Session info: chrome=148.0.7778.216); For documentation on this error, please visit: https://www.selenium.dev/documentation/webdriver/troubleshooting/errors#elementclickinterceptedexception
Stacktrace:
	chromedriver!GetHandleVerifier [0x7ff656287de5+14895]
	chromedriver!GetHandleVerifier [0x7ff656287e50+14900]
	chromedriver!(No symbol) [0x7ff655fed5ad]
	chromedriver!(No symbol) [0x7ff65604f3b5]
	chromedriver!(No symbol) [0x7ff65604cfca]
	chromedriver!(No symbol) [0x7ff65604a307]
	chromedriver!(No symbol) [0x7ff6560491b7]
	chromedriver!(No symbol) [0x7ff65603bce6]
	chromedriver!(No symbol) [0x7ff65607005a]
	chromedriver!(No symbol) [0x7ff65603b566]
	chromedriver!(No symbol) [0x7ff65609486f]
	chromedriver!(No symbol) [0x7ff656039df8]
	chromedriver!(No symbol) [0x7ff65603ace3]
	chromedriver!GetHandleVerifier [0x7ff65659cc49+3296f9]
	chromedriver!GetHandleVerifier [0x7ff656597375+323e25]
	chromedriver!GetHandleVerifier [0x7ff6565bbc82+348732]
	chromedriver!GetHandleVerifier [0x7ff6562a6045+32af5]
	chromedriver!GetHandleVerifier [0x7ff6562aecec+3b79c]
	chromedriver!GetHandleVerifier [0x7ff656291bc4+1e674]
	chromedriver!GetHandleVerifier [0x7ff656291d54+1e804]
	chromedriver!GetHandleVerifier [0x7ff6562760e7+2b97]
	KERNEL32!BaseThreadInitThunk [0x7fff96b57374+14]
	ntdll!RtlUserThreadStart [0x7fff97a3cc91+21]

2026-06-03 15:48:21 | WARNING  | scraper | Screenshot : C:\Users\tepep\Bureau\bot_agence_immo\screenshots\erreur_erreur_contact_20260603_154821.png
2026-06-03 15:48:21 | DEBUG    | excel_manager | Annonce enregistrée dans Excel : 
2026-06-03 15:48:22 | INFO     | main | [3/10] https://www.seloger.com/annonces/achat/appartement/marseille-13/270618517.htm?serp_view=list&search=distributionTypes%3DBuy%26estateTypes%3DApartment%26locations%3DAD08FR4491%26numberOfBedroomsMin%3D2%26numberOfRoomsMin%3D4%26priceMax%3D1000000%26spaceMin%3D80#ln=classified_search_results&m=classified_search_results_classified_classified_detail_XL
2026-06-03 15:48:22 | INFO     | contact_manager | Contact : https://www.seloger.com/annonces/achat/appartement/marseille-13/270618517.htm?serp_view=list&search=distributionTypes%3DBuy%26estateTypes%3DApartment%26locations%3DAD08FR4491%26numberOfBedroomsMin%3D2%26numberOfRoomsMin%3D4%26priceMax%3D1000000%26spaceMin%3D80#ln=classified_search_results&m=classified_search_results_classified_classified_detail_XL
2026-06-03 15:48:54 | INFO     | contact_manager | [DEBUG] URL     : https://www.seloger.com/annonces/achat/appartement/marseille-12eme-13/la-fourragere/270618517.htm?search=distributionTypes%3DBuy%26estateTypes%3DApartment%26locations%3DAD08FR4491%26numberOfBedroomsMin%3D2%26numberOfRoomsMin%3D4%26priceMax%3D1000000%26spaceMin%3D80&serp_view=list#ln=classified_search_results&m=classified_search_results_classified_classified_detail_XL
2026-06-03 15:48:54 | INFO     | contact_manager | [DEBUG] Titre   : Appartement à vendre T4/F4 93 m² 245000 € La Fourragère Marseille (13012)
2026-06-03 15:48:54 | INFO     | contact_manager | [DEBUG] Screenshot : C:\Users\tepep\Bureau\bot_agence_immo\screenshots\screenshot_formulaire.png
2026-06-03 15:48:54 | INFO     | contact_manager | [DEBUG] HTML sauvegarde : C:\Users\tepep\Bureau\bot_agence_immo\debug\page_formulaire.html
2026-06-03 15:48:54 | INFO     | contact_manager | [DEBUG] Recherche des boutons de contact...
2026-06-03 15:58:18 | INFO     | main | ============================================================
2026-06-03 15:58:18 | INFO     | main | Démarrage du bot SeLoger
2026-06-03 15:58:18 | INFO     | main | Critères : Marseille | achat | appartement | <=1000000EUR | >=80m2 | >=4p | >=2ch
2026-06-03 15:58:18 | INFO     | main | Messages a envoyer : 10
2026-06-03 15:58:18 | INFO     | main | ============================================================
2026-06-03 15:58:18 | DEBUG    | excel_manager | Fichier Excel existant chargé : C:\Users\tepep\Bureau\bot_agence_immo\data\annonces_contactees.xlsx
2026-06-03 15:58:18 | DEBUG    | excel_manager | 12 lien(s) déjà enregistré(s).
2026-06-03 15:58:18 | INFO     | main | 12 annonce(s) deja contactee(s) en base.
2026-06-03 15:58:18 | INFO     | scraper | Démarrage de Chrome (headless, sans images)...
2026-06-03 15:58:26 | INFO     | scraper | Chrome démarré avec succès.
2026-06-03 15:58:26 | INFO     | city_resolver | Résolution du code SeLoger pour : 'Marseille'
2026-06-03 15:58:56 | INFO     | city_resolver | Recherche du champ ville...
2026-06-03 15:58:56 | INFO     | city_resolver | Champ trouvé avec le sélecteur : input[placeholder='Saisir le lieu ou le code postal']
2026-06-03 15:59:35 | INFO     | city_resolver | Aucun code dans les suggestions — soumission du formulaire...
2026-06-03 15:59:44 | INFO     | city_resolver | Code extrait depuis l'URL : AD08FR4491
2026-06-03 15:59:44 | INFO     | url_builder | URL generee : https://www.seloger.com/classified-search?distributionTypes=Buy&estateTypes=Apartment&locations=AD08FR4491&priceMax=1000000&spaceMin=80&numberOfRoomsMin=4&numberOfBedroomsMin=2
2026-06-03 15:59:44 | INFO     | main | Temps recherche : 78.7s
2026-06-03 15:59:44 | INFO     | scraper | URL générée : https://www.seloger.com/classified-search?distributionTypes=Buy&estateTypes=Apartment&locations=AD08FR4491&priceMax=1000000&spaceMin=80&numberOfRoomsMin=4&numberOfBedroomsMin=2
2026-06-03 16:00:24 | INFO     | scraper | Collecte des liens — page 1...
2026-06-03 16:00:26 | INFO     | scraper | Page 1 : 21 lien(s) trouvé(s).
2026-06-03 16:00:26 | INFO     | scraper |   -> https://www.seloger.com/annonces/achat/appartement/marseille-13/270647835.htm?serp_view=list&search=distributionTypes%3DBuy%26estateTypes%3DApartment%26locations%3DAD08FR4491%26numberOfBedroomsMin%3D2%26numberOfRoomsMin%3D4%26priceMax%3D1000000%26spaceMin%3D80#ln=classified_search_results&m=classified_search_results_classified_classified_detail_XL
2026-06-03 16:00:26 | INFO     | scraper |   -> https://www.seloger.com/annonces/achat/appartement/marseille-9eme-13/269581521.htm?serp_view=list&search=distributionTypes%3DBuy%26estateTypes%3DApartment%26locations%3DAD08FR4491%26numberOfBedroomsMin%3D2%26numberOfRoomsMin%3D4%26priceMax%3D1000000%26spaceMin%3D80#ln=classified_search_results&m=classified_search_results_classified_classified_detail_XL
2026-06-03 16:00:26 | INFO     | scraper |   -> https://www.seloger.com/annonces/achat/appartement/marseille-6eme-13/palais-de-justice/270216291.htm?serp_view=list&search=distributionTypes%3DBuy%26estateTypes%3DApartment%26locations%3DAD08FR4491%26numberOfBedroomsMin%3D2%26numberOfRoomsMin%3D4%26priceMax%3D1000000%26spaceMin%3D80#ln=classified_search_results&m=classified_search_results_classified_classified_detail_XL
2026-06-03 16:00:51 | INFO     | scraper | Total liens collectés : 21
2026-06-03 16:00:51 | INFO     | main | Temps recuperation annonces : 66.9s
2026-06-03 16:00:51 | INFO     | main | Annonces trouvees : 21
2026-06-03 16:00:51 | INFO     | main | 11 nouveaux lien(s) a analyser (10 doublon(s) ignores).
2026-06-03 16:00:51 | INFO     | main | Limite appliquee : 10 annonce(s).
2026-06-03 16:00:51 | INFO     | fetcher | Extraction de 10 fiche(s) — 6 workers parallèles.
2026-06-03 16:00:56 | INFO     | fetcher |   OK : '' |  |  | 
2026-06-03 16:00:56 | INFO     | fetcher |   OK : '' |  |  | 
2026-06-03 16:00:57 | INFO     | fetcher |   OK : '' |  |  | 
2026-06-03 16:00:57 | INFO     | fetcher |   OK : '' |  |  | 
2026-06-03 16:00:57 | INFO     | fetcher |   OK : '' |  |  | 
2026-06-03 16:00:57 | INFO     | fetcher |   OK : '' |  |  | 
2026-06-03 16:00:57 | INFO     | fetcher |   OK : '' |  |  | 
2026-06-03 16:00:58 | INFO     | fetcher |   OK : '' |  |  | 
2026-06-03 16:00:58 | INFO     | fetcher |   OK : '' |  |  | 
2026-06-03 16:00:58 | INFO     | fetcher |   OK : '' |  |  | 
2026-06-03 16:00:58 | INFO     | fetcher | Extraction terminée : 10/10 réussies.
2026-06-03 16:00:58 | INFO     | main | Temps extraction : 6.4s
2026-06-03 16:00:58 | INFO     | main | Annonces analysees : 10
2026-06-03 16:00:58 | INFO     | main | [1/10] https://www.seloger.com/annonces/achat/appartement/marseille-13/270618517.htm?serp_view=list&search=distributionTypes%3DBuy%26estateTypes%3DApartment%26locations%3DAD08FR4491%26numberOfBedroomsMin%3D2%26numberOfRoomsMin%3D4%26priceMax%3D1000000%26spaceMin%3D80#ln=classified_search_results&m=classified_search_results_classified_classified_detail_XL
2026-06-03 16:00:58 | INFO     | contact_manager | Contact : https://www.seloger.com/annonces/achat/appartement/marseille-13/270618517.htm?serp_view=list&search=distributionTypes%3DBuy%26estateTypes%3DApartment%26locations%3DAD08FR4491%26numberOfBedroomsMin%3D2%26numberOfRoomsMin%3D4%26priceMax%3D1000000%26spaceMin%3D80#ln=classified_search_results&m=classified_search_results_classified_classified_detail_XL
2026-06-03 16:01:08 | INFO     | contact_manager | [DEBUG] URL   : https://www.seloger.com/annonces/achat/appartement/marseille-12eme-13/la-fourragere/270618517.htm?search=distributionTypes%3DBuy%26estateTypes%3DApartment%26locations%3DAD08FR4491%26numberOfBedroomsMin%3D2%26numberOfRoomsMin%3D4%26priceMax%3D1000000%26spaceMin%3D80&serp_view=list#ln=classified_search_results&m=classified_search_results_classified_classified_detail_XL
2026-06-03 16:01:08 | INFO     | contact_manager | [DEBUG] Titre : Appartement à vendre T4/F4 93 m² 245000 € La Fourragère Marseille (13012)
2026-06-03 16:01:09 | INFO     | contact_manager | [DEBUG] Screenshot : C:\Users\tepep\Bureau\bot_agence_immo\screenshots\screenshot_formulaire.png
2026-06-03 16:01:09 | INFO     | contact_manager | [DEBUG] HTML sauvegardé : C:\Users\tepep\Bureau\bot_agence_immo\debug\page_formulaire.html
2026-06-03 16:01:09 | INFO     | contact_manager | [DEBUG] Recherche des boutons de contact...
2026-06-03 16:01:13 | INFO     | contact_manager | [DEBUG] 1 bouton(s) de contact trouvé(s) :
2026-06-03 16:01:13 | INFO     | contact_manager |   [button] texte='Contacter l'agence' | href=''
2026-06-03 16:01:20 | INFO     | contact_manager | [DEBUG] Inventaire des champs du formulaire :
2026-06-03 16:01:20 | INFO     | contact_manager |   <input> id='react-aria-_R_6aplehaecqkm_' | name='' | placeholder='' | type='text' | aria-label='no label'
2026-06-03 16:01:21 | INFO     | contact_manager |   <input> id='react-aria-_R_6qplehaecqkm_' | name='' | placeholder='' | type='text' | aria-label='no label'
2026-06-03 16:01:21 | INFO     | contact_manager |   <input> id='react-aria-_R_18pmhaecqkm_' | name='firstName' | placeholder='' | type='text' | aria-label=''
2026-06-03 16:01:21 | INFO     | contact_manager |   <input> id='react-aria-_R_28pmhaecqkm_' | name='lastName' | placeholder='' | type='text' | aria-label=''
2026-06-03 16:01:21 | INFO     | contact_manager |   <input> id='react-aria-_R_cpmhaecqkm_' | name='email' | placeholder='exemple@domain.com' | type='email' | aria-label=''
2026-06-03 16:01:21 | INFO     | contact_manager |   <input> id='react-aria4173210060-_r_l_' | name='' | placeholder='' | type='text' | aria-label=''
2026-06-03 16:01:21 | INFO     | contact_manager |   <input> id='react-aria-_R_gpmhaecqkm_' | name='' | placeholder='' | type='text' | aria-label=''
2026-06-03 16:01:21 | INFO     | contact_manager |   <input> id='' | name='phoneNumber' | placeholder='' | type='hidden' | aria-label=''
2026-06-03 16:01:21 | INFO     | contact_manager |   <input> id='' | name='isOwner' | placeholder='' | type='checkbox' | aria-label=''
2026-06-03 16:01:21 | INFO     | contact_manager |   <input> id='' | name='newsletterOptout' | placeholder='' | type='checkbox' | aria-label='Newsletter Opt‑in'
2026-06-03 16:01:21 | INFO     | contact_manager |   <input> id='react-aria4173210060-_r_2t_' | name='address' | placeholder='Ex : 2 rue des italiens, 75009 Paris' | type='text' | aria-label=''
2026-06-03 16:01:21 | INFO     | contact_manager |   <input> id='react-aria4173210060-_r_12_' | name='firstName' | placeholder='' | type='text' | aria-label=''
2026-06-03 16:01:22 | INFO     | contact_manager |   <input> id='react-aria4173210060-_r_17_' | name='lastName' | placeholder='' | type='text' | aria-label=''
2026-06-03 16:01:22 | INFO     | contact_manager |   <input> id='react-aria4173210060-_r_1c_' | name='email' | placeholder='exemple@domain.com' | type='email' | aria-label=''
2026-06-03 16:01:22 | INFO     | contact_manager |   <input> id='react-aria4173210060-_r_1p_' | name='' | placeholder='' | type='text' | aria-label=''
2026-06-03 16:01:22 | INFO     | contact_manager |   <input> id='react-aria4173210060-_r_1h_' | name='' | placeholder='' | type='text' | aria-label=''
2026-06-03 16:01:22 | INFO     | contact_manager |   <input> id='' | name='phoneNumber' | placeholder='' | type='hidden' | aria-label=''
2026-06-03 16:01:22 | INFO     | contact_manager |   <input> id='' | name='isOwner' | placeholder='' | type='checkbox' | aria-label=''
2026-06-03 16:01:22 | INFO     | contact_manager |   <input> id='' | name='newsletterOptout' | placeholder='' | type='checkbox' | aria-label='Newsletter Opt‑in'
2026-06-03 16:01:27 | INFO     | contact_manager |   <select> id='' | name='' | placeholder='' | type='select-one' | aria-label=''
2026-06-03 16:01:27 | INFO     | contact_manager | [DEBUG] Total champs : 20
2026-06-03 16:02:03 | WARNING  | contact_manager | Champ 'prenom' introuvable.
2026-06-03 16:02:28 | WARNING  | contact_manager | Champ 'nom' introuvable.
2026-06-03 16:02:48 | WARNING  | contact_manager | Champ 'email' introuvable.
2026-06-03 16:03:19 | WARNING  | contact_manager | Champ 'telephone' introuvable.
2026-06-03 16:03:39 | WARNING  | contact_manager | Champ 'message' introuvable.
2026-06-03 16:03:39 | INFO     | contact_manager | Simulation — formulaire rempli, envoi non effectué.
2026-06-03 16:03:39 | ERROR    | excel_manager | Impossible d'enregistrer dans Excel : [Errno 13] Permission denied: 'C:\\Users\\tepep\\Bureau\\bot_agence_immo\\data\\annonces_contactees.xlsx'
2026-06-03 16:03:40 | INFO     | main | [2/10] https://www.seloger.com/annonces/achat/appartement/marseille-8eme-13/vieille-chapelle/270788179.htm?serp_view=list&search=distributionTypes%3DBuy%26estateTypes%3DApartment%26locations%3DAD08FR4491%26numberOfBedroomsMin%3D2%26numberOfRoomsMin%3D4%26priceMax%3D1000000%26spaceMin%3D80#ln=classified_search_results&m=classified_search_results_classified_classified_detail_XL
2026-06-03 16:03:40 | INFO     | contact_manager | Contact : https://www.seloger.com/annonces/achat/appartement/marseille-8eme-13/vieille-chapelle/270788179.htm?serp_view=list&search=distributionTypes%3DBuy%26estateTypes%3DApartment%26locations%3DAD08FR4491%26numberOfBedroomsMin%3D2%26numberOfRoomsMin%3D4%26priceMax%3D1000000%26spaceMin%3D80#ln=classified_search_results&m=classified_search_results_classified_classified_detail_XL
2026-06-03 16:03:51 | INFO     | contact_manager | [DEBUG] URL   : https://www.seloger.com/annonces/achat/appartement/marseille-8eme-13/vieille-chapelle/270788179.htm?serp_view=list&search=distributionTypes%3DBuy%26estateTypes%3DApartment%26locations%3DAD08FR4491%26numberOfBedroomsMin%3D2%26numberOfRoomsMin%3D4%26priceMax%3D1000000%26spaceMin%3D80#ln=classified_search_results&m=classified_search_results_classified_classified_detail_XL
2026-06-03 16:03:51 | INFO     | contact_manager | [DEBUG] Titre : Appartement à vendre T4/F4 81 m² 430000 € Vieille Chapelle Marseille (13008)
2026-06-03 16:03:52 | INFO     | contact_manager | [DEBUG] Screenshot : C:\Users\tepep\Bureau\bot_agence_immo\screenshots\screenshot_formulaire.png
2026-06-03 16:03:52 | INFO     | contact_manager | [DEBUG] HTML sauvegardé : C:\Users\tepep\Bureau\bot_agence_immo\debug\page_formulaire.html
2026-06-03 16:03:52 | INFO     | contact_manager | [DEBUG] Recherche des boutons de contact...
2026-06-03 16:03:56 | INFO     | contact_manager | [DEBUG] 1 bouton(s) de contact trouvé(s) :
2026-06-03 16:03:56 | INFO     | contact_manager |   [button] texte='Contacter l'agence' | href=''
2026-06-03 16:04:03 | INFO     | contact_manager | [DEBUG] Inventaire des champs du formulaire :
2026-06-03 16:04:04 | INFO     | contact_manager |   <input> id='react-aria-_R_6aplehaecqkm_' | name='' | placeholder='' | type='text' | aria-label='no label'
2026-06-03 16:04:04 | INFO     | contact_manager |   <input> id='react-aria-_R_6qplehaecqkm_' | name='' | placeholder='' | type='text' | aria-label='no label'
2026-06-03 16:04:04 | INFO     | contact_manager |   <input> id='react-aria-_R_18pmhaecqkm_' | name='firstName' | placeholder='' | type='text' | aria-label=''
2026-06-03 16:04:04 | INFO     | contact_manager |   <input> id='react-aria-_R_28pmhaecqkm_' | name='lastName' | placeholder='' | type='text' | aria-label=''
2026-06-03 16:04:04 | INFO     | contact_manager |   <input> id='react-aria-_R_cpmhaecqkm_' | name='email' | placeholder='exemple@domain.com' | type='email' | aria-label=''
2026-06-03 16:04:04 | INFO     | contact_manager |   <input> id='react-aria7136001796-_r_l_' | name='' | placeholder='' | type='text' | aria-label=''
2026-06-03 16:04:05 | INFO     | contact_manager |   <input> id='react-aria-_R_gpmhaecqkm_' | name='' | placeholder='' | type='text' | aria-label=''
2026-06-03 16:04:05 | INFO     | contact_manager |   <input> id='' | name='phoneNumber' | placeholder='' | type='hidden' | aria-label=''
2026-06-03 16:04:05 | INFO     | contact_manager |   <input> id='' | name='isOwner' | placeholder='' | type='checkbox' | aria-label=''
2026-06-03 16:04:05 | INFO     | contact_manager |   <input> id='' | name='newsletterOptout' | placeholder='' | type='checkbox' | aria-label='Newsletter Opt‑in'
2026-06-03 16:04:05 | INFO     | contact_manager |   <input> id='react-aria7136001796-_r_2n_' | name='address' | placeholder='Ex : 2 rue des italiens, 75009 Paris' | type='text' | aria-label=''
2026-06-03 16:04:05 | INFO     | contact_manager |   <input> id='react-aria7136001796-_r_12_' | name='firstName' | placeholder='' | type='text' | aria-label=''
2026-06-03 16:04:06 | INFO     | contact_manager |   <input> id='react-aria7136001796-_r_17_' | name='lastName' | placeholder='' | type='text' | aria-label=''
2026-06-03 16:04:06 | INFO     | contact_manager |   <input> id='react-aria7136001796-_r_1c_' | name='email' | placeholder='exemple@domain.com' | type='email' | aria-label=''
2026-06-03 16:04:06 | INFO     | contact_manager |   <input> id='react-aria7136001796-_r_1p_' | name='' | placeholder='' | type='text' | aria-label=''
2026-06-03 16:04:06 | INFO     | contact_manager |   <input> id='react-aria7136001796-_r_1h_' | name='' | placeholder='' | type='text' | aria-label=''
2026-06-03 16:04:06 | INFO     | contact_manager |   <input> id='' | name='phoneNumber' | placeholder='' | type='hidden' | aria-label=''
2026-06-03 16:04:06 | INFO     | contact_manager |   <input> id='' | name='isOwner' | placeholder='' | type='checkbox' | aria-label=''
2026-06-03 16:04:06 | INFO     | contact_manager |   <input> id='' | name='newsletterOptout' | placeholder='' | type='checkbox' | aria-label='Newsletter Opt‑in'
2026-06-03 16:04:11 | INFO     | contact_manager |   <select> id='' | name='' | placeholder='' | type='select-one' | aria-label=''
2026-06-03 16:04:11 | INFO     | contact_manager | [DEBUG] Total champs : 20
2026-06-03 16:04:39 | INFO     | main | ============================================================
2026-06-03 16:04:39 | INFO     | main | Démarrage du bot SeLoger
2026-06-03 16:04:39 | INFO     | main | Critères : Marseille | achat | appartement | <=1000000EUR | >=80m2 | >=4p | >=2ch
2026-06-03 16:04:39 | INFO     | main | Messages a envoyer : 10
2026-06-03 16:04:39 | INFO     | main | ============================================================
2026-06-03 16:04:39 | DEBUG    | excel_manager | Fichier Excel existant chargé : C:\Users\tepep\Bureau\bot_agence_immo\data\annonces_contactees.xlsx
2026-06-03 16:04:39 | DEBUG    | excel_manager | 12 lien(s) déjà enregistré(s).
2026-06-03 16:04:39 | INFO     | main | 12 annonce(s) deja contactee(s) en base.
2026-06-03 16:04:39 | INFO     | scraper | Démarrage de Chrome (headless, sans images)...
2026-06-03 16:04:44 | INFO     | scraper | Chrome démarré avec succès.
2026-06-03 16:04:44 | INFO     | city_resolver | Résolution du code SeLoger pour : 'Marseille'
2026-06-03 16:05:12 | INFO     | city_resolver | Recherche du champ ville...
2026-06-03 16:05:12 | INFO     | city_resolver | Champ trouvé avec le sélecteur : input[placeholder='Saisir le lieu ou le code postal']
2026-06-03 16:05:50 | INFO     | city_resolver | Aucun code dans les suggestions — soumission du formulaire...
2026-06-03 16:05:58 | INFO     | city_resolver | Code extrait depuis l'URL : AD08FR4491
2026-06-03 16:05:58 | INFO     | url_builder | URL generee : https://www.seloger.com/classified-search?distributionTypes=Buy&estateTypes=Apartment&locations=AD08FR4491&priceMax=1000000&spaceMin=80&numberOfRoomsMin=4&numberOfBedroomsMin=2
2026-06-03 16:05:58 | INFO     | main | Temps recherche : 73.6s
2026-06-03 16:05:58 | INFO     | scraper | URL générée : https://www.seloger.com/classified-search?distributionTypes=Buy&estateTypes=Apartment&locations=AD08FR4491&priceMax=1000000&spaceMin=80&numberOfRoomsMin=4&numberOfBedroomsMin=2
2026-06-03 16:06:30 | INFO     | scraper | Collecte des liens — page 1...
2026-06-03 16:06:31 | INFO     | scraper | Page 1 : 21 lien(s) trouvé(s).
2026-06-03 16:06:31 | INFO     | scraper |   -> https://www.seloger.com/annonces/achat/appartement/marseille-13/270647835.htm?serp_view=list&search=distributionTypes%3DBuy%26estateTypes%3DApartment%26locations%3DAD08FR4491%26numberOfBedroomsMin%3D2%26numberOfRoomsMin%3D4%26priceMax%3D1000000%26spaceMin%3D80#ln=classified_search_results&m=classified_search_results_classified_classified_detail_XL
2026-06-03 16:06:31 | INFO     | scraper |   -> https://www.seloger.com/annonces/achat/appartement/marseille-9eme-13/269581521.htm?serp_view=list&search=distributionTypes%3DBuy%26estateTypes%3DApartment%26locations%3DAD08FR4491%26numberOfBedroomsMin%3D2%26numberOfRoomsMin%3D4%26priceMax%3D1000000%26spaceMin%3D80#ln=classified_search_results&m=classified_search_results_classified_classified_detail_XL
2026-06-03 16:06:31 | INFO     | scraper |   -> https://www.seloger.com/annonces/achat/appartement/marseille-6eme-13/palais-de-justice/270216291.htm?serp_view=list&search=distributionTypes%3DBuy%26estateTypes%3DApartment%26locations%3DAD08FR4491%26numberOfBedroomsMin%3D2%26numberOfRoomsMin%3D4%26priceMax%3D1000000%26spaceMin%3D80#ln=classified_search_results&m=classified_search_results_classified_classified_detail_XL
2026-06-03 16:06:56 | INFO     | scraper | Total liens collectés : 21
2026-06-03 16:06:56 | INFO     | main | Temps recuperation annonces : 58.4s
2026-06-03 16:06:56 | INFO     | main | Annonces trouvees : 21
2026-06-03 16:06:56 | INFO     | main | 11 nouveaux lien(s) a analyser (10 doublon(s) ignores).
2026-06-03 16:06:56 | INFO     | main | Limite appliquee : 10 annonce(s).
2026-06-03 16:06:56 | INFO     | fetcher | Extraction de 10 fiche(s) — 6 workers parallèles.
2026-06-03 16:06:59 | INFO     | fetcher |   OK : '' |  |  | 
2026-06-03 16:07:00 | INFO     | fetcher |   OK : '' |  |  | 
2026-06-03 16:07:00 | INFO     | fetcher |   OK : '' |  |  | 
2026-06-03 16:07:00 | INFO     | fetcher |   OK : '' |  |  | 
2026-06-03 16:07:00 | INFO     | fetcher |   OK : '' |  |  | 
2026-06-03 16:07:00 | INFO     | fetcher |   OK : '' |  |  | 
2026-06-03 16:07:00 | INFO     | fetcher |   OK : '' |  |  | 
2026-06-03 16:07:00 | INFO     | fetcher |   OK : '' |  |  | 
2026-06-03 16:07:01 | INFO     | fetcher |   OK : '' |  |  | 
2026-06-03 16:07:01 | INFO     | fetcher |   OK : '' |  |  | 
2026-06-03 16:07:01 | INFO     | fetcher | Extraction terminée : 10/10 réussies.
2026-06-03 16:07:01 | INFO     | main | Temps extraction : 4.9s
2026-06-03 16:07:01 | INFO     | main | Annonces analysees : 10
2026-06-03 16:07:01 | INFO     | main | [1/10] https://www.seloger.com/annonces/achat/appartement/marseille-8eme-13/vieille-chapelle/270788179.htm?serp_view=list&search=distributionTypes%3DBuy%26estateTypes%3DApartment%26locations%3DAD08FR4491%26numberOfBedroomsMin%3D2%26numberOfRoomsMin%3D4%26priceMax%3D1000000%26spaceMin%3D80#ln=classified_search_results&m=classified_search_results_classified_classified_detail_XL
2026-06-03 16:07:01 | INFO     | contact_manager | Contact : https://www.seloger.com/annonces/achat/appartement/marseille-8eme-13/vieille-chapelle/270788179.htm?serp_view=list&search=distributionTypes%3DBuy%26estateTypes%3DApartment%26locations%3DAD08FR4491%26numberOfBedroomsMin%3D2%26numberOfRoomsMin%3D4%26priceMax%3D1000000%26spaceMin%3D80#ln=classified_search_results&m=classified_search_results_classified_classified_detail_XL
2026-06-03 16:07:11 | INFO     | contact_manager | [DEBUG] URL   : https://www.seloger.com/annonces/achat/appartement/marseille-8eme-13/vieille-chapelle/270788179.htm?serp_view=list&search=distributionTypes%3DBuy%26estateTypes%3DApartment%26locations%3DAD08FR4491%26numberOfBedroomsMin%3D2%26numberOfRoomsMin%3D4%26priceMax%3D1000000%26spaceMin%3D80#ln=classified_search_results&m=classified_search_results_classified_classified_detail_XL
2026-06-03 16:07:11 | INFO     | contact_manager | [DEBUG] Titre : Appartement à vendre T4/F4 81 m² 430000 € Vieille Chapelle Marseille (13008)
2026-06-03 16:07:12 | INFO     | contact_manager | [DEBUG] Screenshot : C:\Users\tepep\Bureau\bot_agence_immo\screenshots\screenshot_formulaire.png
2026-06-03 16:07:12 | INFO     | contact_manager | [DEBUG] HTML sauvegardé : C:\Users\tepep\Bureau\bot_agence_immo\debug\page_formulaire.html
2026-06-03 16:07:12 | INFO     | contact_manager | [DEBUG] Recherche des boutons de contact...
2026-06-03 16:07:16 | INFO     | contact_manager | [DEBUG] 1 bouton(s) de contact trouvé(s) :
2026-06-03 16:07:16 | INFO     | contact_manager |   [button] texte='Contacter l'agence' | href=''
2026-06-03 16:07:23 | INFO     | contact_manager | [DEBUG] Inventaire des champs du formulaire :
2026-06-03 16:07:23 | INFO     | contact_manager |   <input> id='react-aria-_R_6aplehaecqkm_' | name='' | placeholder='' | type='text' | aria-label='no label'
2026-06-03 16:07:24 | INFO     | contact_manager |   <input> id='react-aria-_R_6qplehaecqkm_' | name='' | placeholder='' | type='text' | aria-label='no label'
2026-06-03 16:07:24 | INFO     | contact_manager |   <input> id='react-aria-_R_18pmhaecqkm_' | name='firstName' | placeholder='' | type='text' | aria-label=''
2026-06-03 16:07:24 | INFO     | contact_manager |   <input> id='react-aria-_R_28pmhaecqkm_' | name='lastName' | placeholder='' | type='text' | aria-label=''
2026-06-03 16:07:24 | INFO     | contact_manager |   <input> id='react-aria-_R_cpmhaecqkm_' | name='email' | placeholder='exemple@domain.com' | type='email' | aria-label=''
2026-06-03 16:07:24 | INFO     | contact_manager |   <input> id='react-aria6354006497-_r_l_' | name='' | placeholder='' | type='text' | aria-label=''
2026-06-03 16:07:24 | INFO     | contact_manager |   <input> id='react-aria-_R_gpmhaecqkm_' | name='' | placeholder='' | type='text' | aria-label=''
2026-06-03 16:07:24 | INFO     | contact_manager |   <input> id='' | name='phoneNumber' | placeholder='' | type='hidden' | aria-label=''
2026-06-03 16:07:24 | INFO     | contact_manager |   <input> id='' | name='isOwner' | placeholder='' | type='checkbox' | aria-label=''
2026-06-03 16:07:24 | INFO     | contact_manager |   <input> id='' | name='newsletterOptout' | placeholder='' | type='checkbox' | aria-label='Newsletter Opt‑in'
2026-06-03 16:07:24 | INFO     | contact_manager |   <input> id='react-aria6354006497-_r_2t_' | name='address' | placeholder='Ex : 2 rue des italiens, 75009 Paris' | type='text' | aria-label=''
2026-06-03 16:07:24 | INFO     | contact_manager |   <input> id='react-aria6354006497-_r_12_' | name='firstName' | placeholder='' | type='text' | aria-label=''
2026-06-03 16:07:24 | INFO     | contact_manager |   <input> id='react-aria6354006497-_r_17_' | name='lastName' | placeholder='' | type='text' | aria-label=''
2026-06-03 16:07:24 | INFO     | contact_manager |   <input> id='react-aria6354006497-_r_1c_' | name='email' | placeholder='exemple@domain.com' | type='email' | aria-label=''
2026-06-03 16:07:24 | INFO     | contact_manager |   <input> id='react-aria6354006497-_r_1p_' | name='' | placeholder='' | type='text' | aria-label=''
2026-06-03 16:07:24 | INFO     | contact_manager |   <input> id='react-aria6354006497-_r_1h_' | name='' | placeholder='' | type='text' | aria-label=''
2026-06-03 16:07:25 | INFO     | contact_manager |   <input> id='' | name='phoneNumber' | placeholder='' | type='hidden' | aria-label=''
2026-06-03 16:07:25 | INFO     | contact_manager |   <input> id='' | name='isOwner' | placeholder='' | type='checkbox' | aria-label=''
2026-06-03 16:07:25 | INFO     | contact_manager |   <input> id='' | name='newsletterOptout' | placeholder='' | type='checkbox' | aria-label='Newsletter Opt‑in'
2026-06-03 16:07:30 | INFO     | contact_manager |   <select> id='' | name='' | placeholder='' | type='select-one' | aria-label=''
2026-06-03 16:07:30 | INFO     | contact_manager | [DEBUG] Total champs : 20
2026-06-03 16:07:55 | WARNING  | contact_manager | Champ 'prénom' introuvable.
2026-06-03 16:16:18 | INFO     | main | ============================================================
2026-06-03 16:16:18 | INFO     | main | Démarrage du bot SeLoger
2026-06-03 16:16:18 | INFO     | main | Critères : Marseille | achat | appartement | <=1000000EUR | >=80m2 | >=4p | >=2ch
2026-06-03 16:16:18 | INFO     | main | Messages a envoyer : 10
2026-06-03 16:16:18 | INFO     | main | ============================================================
2026-06-03 16:16:18 | DEBUG    | excel_manager | Fichier Excel existant chargé : C:\Users\tepep\Bureau\bot_agence_immo\data\annonces_contactees.xlsx
2026-06-03 16:16:18 | DEBUG    | excel_manager | 12 lien(s) déjà enregistré(s).
2026-06-03 16:16:18 | INFO     | main | 12 annonce(s) deja contactee(s) en base.
2026-06-03 16:16:18 | INFO     | scraper | Démarrage de Chrome (headless, sans images)...
2026-06-03 16:16:23 | INFO     | scraper | Chrome démarré avec succès.
2026-06-03 16:16:23 | INFO     | city_resolver | Résolution du code SeLoger pour : 'Marseille'
2026-06-03 16:16:51 | INFO     | city_resolver | Recherche du champ ville...
2026-06-03 16:16:51 | INFO     | city_resolver | Champ trouvé avec le sélecteur : input[placeholder='Saisir le lieu ou le code postal']
2026-06-03 16:17:30 | INFO     | city_resolver | Aucun code dans les suggestions — soumission du formulaire...
2026-06-03 16:17:36 | INFO     | city_resolver | Code extrait depuis l'URL : AD08FR4491
2026-06-03 16:17:36 | INFO     | url_builder | URL generee : https://www.seloger.com/classified-search?distributionTypes=Buy&estateTypes=Apartment&locations=AD08FR4491&priceMax=1000000&spaceMin=80&numberOfRoomsMin=4&numberOfBedroomsMin=2
2026-06-03 16:17:36 | INFO     | main | Temps recherche : 73.3s
2026-06-03 16:17:36 | INFO     | scraper | URL générée : https://www.seloger.com/classified-search?distributionTypes=Buy&estateTypes=Apartment&locations=AD08FR4491&priceMax=1000000&spaceMin=80&numberOfRoomsMin=4&numberOfBedroomsMin=2
2026-06-03 16:18:08 | INFO     | scraper | Collecte des liens — page 1...
2026-06-03 16:18:08 | INFO     | scraper | Page 1 : 20 lien(s) trouvé(s).
2026-06-03 16:18:08 | INFO     | scraper |   -> https://www.seloger.com/annonces/achat/appartement/marseille-13/270647835.htm?serp_view=list&search=distributionTypes%3DBuy%26estateTypes%3DApartment%26locations%3DAD08FR4491%26numberOfBedroomsMin%3D2%26numberOfRoomsMin%3D4%26priceMax%3D1000000%26spaceMin%3D80#ln=classified_search_results&m=classified_search_results_classified_classified_detail_XL
2026-06-03 16:18:08 | INFO     | scraper |   -> https://www.seloger.com/annonces/achat/appartement/marseille-9eme-13/269581521.htm?serp_view=list&search=distributionTypes%3DBuy%26estateTypes%3DApartment%26locations%3DAD08FR4491%26numberOfBedroomsMin%3D2%26numberOfRoomsMin%3D4%26priceMax%3D1000000%26spaceMin%3D80#ln=classified_search_results&m=classified_search_results_classified_classified_detail_XL
2026-06-03 16:18:08 | INFO     | scraper |   -> https://www.seloger.com/annonces/achat/appartement/marseille-6eme-13/palais-de-justice/270216291.htm?serp_view=list&search=distributionTypes%3DBuy%26estateTypes%3DApartment%26locations%3DAD08FR4491%26numberOfBedroomsMin%3D2%26numberOfRoomsMin%3D4%26priceMax%3D1000000%26spaceMin%3D80#ln=classified_search_results&m=classified_search_results_classified_classified_detail_XL
2026-06-03 16:18:34 | INFO     | scraper | Total liens collectés : 20
2026-06-03 16:18:34 | INFO     | main | Temps recuperation annonces : 57.5s
2026-06-03 16:18:34 | INFO     | main | Annonces trouvees : 20
2026-06-03 16:18:34 | INFO     | main | 10 nouveaux lien(s) a analyser (10 doublon(s) ignores).
2026-06-03 16:18:34 | INFO     | main | Limite appliquee : 10 annonce(s).
2026-06-03 16:18:34 | INFO     | fetcher | Extraction de 10 fiche(s) — 6 workers parallèles.
2026-06-03 16:18:39 | INFO     | fetcher |   OK : '' |  |  | 
2026-06-03 16:18:39 | INFO     | fetcher |   OK : '' |  |  | 
2026-06-03 16:18:40 | INFO     | fetcher |   OK : '' |  |  | 
2026-06-03 16:18:40 | INFO     | fetcher |   OK : '' |  |  | 
2026-06-03 16:18:40 | INFO     | fetcher |   OK : '' |  |  | 
2026-06-03 16:18:40 | INFO     | fetcher |   OK : '' |  |  | 
2026-06-03 16:18:40 | INFO     | fetcher |   OK : '' |  |  | 
2026-06-03 16:18:40 | INFO     | fetcher |   OK : '' |  |  | 
2026-06-03 16:18:40 | INFO     | fetcher |   OK : '' |  |  | 
2026-06-03 16:18:41 | INFO     | fetcher |   OK : '' |  |  | 
2026-06-03 16:18:41 | INFO     | fetcher | Extraction terminée : 10/10 réussies.
2026-06-03 16:18:41 | INFO     | main | Temps extraction : 6.9s
2026-06-03 16:18:41 | INFO     | main | Annonces analysees : 10
2026-06-03 16:18:41 | INFO     | main | [1/10] https://www.seloger.com/annonces/achat/appartement/marseille-12eme-13/saint-barnabe/269944461.htm?serp_view=list&search=distributionTypes%3DBuy%26estateTypes%3DApartment%26locations%3DAD08FR4491%26numberOfBedroomsMin%3D2%26numberOfRoomsMin%3D4%26priceMax%3D1000000%26spaceMin%3D80#ln=classified_search_results&m=classified_search_results_classified_classified_detail_XL
2026-06-03 16:18:41 | INFO     | contact_manager | Contact : https://www.seloger.com/annonces/achat/appartement/marseille-12eme-13/saint-barnabe/269944461.htm?serp_view=list&search=distributionTypes%3DBuy%26estateTypes%3DApartment%26locations%3DAD08FR4491%26numberOfBedroomsMin%3D2%26numberOfRoomsMin%3D4%26priceMax%3D1000000%26spaceMin%3D80#ln=classified_search_results&m=classified_search_results_classified_classified_detail_XL
2026-06-03 16:18:46 | INFO     | contact_manager | Bloqueur Usercentrics installe.
2026-06-03 16:19:02 | INFO     | contact_manager | [DEBUG] URL   : https://www.seloger.com/annonces/achat/appartement/marseille-12eme-13/saint-barnabe/269944461.htm?serp_view=list&search=distributionTypes%3DBuy%26estateTypes%3DApartment%26locations%3DAD08FR4491%26numberOfBedroomsMin%3D2%26numberOfRoomsMin%3D4%26priceMax%3D1000000%26spaceMin%3D80#ln=classified_search_results&m=classified_search_results_classified_classified_detail_XL
2026-06-03 16:19:02 | INFO     | contact_manager | [DEBUG] Titre : Appartement à vendre T5/F5 119 m² 537000 € Saint Barnabé Marseille (13012)
2026-06-03 16:19:07 | INFO     | contact_manager | [DEBUG] 1 bouton(s) de contact :
2026-06-03 16:19:07 | INFO     | contact_manager |   texte='Contacter l'agence'
2026-06-03 16:19:23 | INFO     | contact_manager | Clic bouton contact effectue.
2026-06-03 16:19:23 | INFO     | contact_manager | Formulaire contact apparu.
2026-06-03 16:19:23 | INFO     | contact_manager | [DEBUG] Inventaire champs :
2026-06-03 16:19:23 | INFO     | contact_manager |   <input> name='' | type='text' | placeholder='' | id='react-aria3349100905-_r_i_'
2026-06-03 16:19:23 | INFO     | contact_manager |   <input> name='' | type='text' | placeholder='' | id='react-aria3349100905-_r_n_'
2026-06-03 16:19:24 | INFO     | contact_manager |   <input> name='firstName' | type='text' | placeholder='' | id='react-aria3349100905-_r_1a_'
2026-06-03 16:19:24 | INFO     | contact_manager |   <input> name='lastName' | type='text' | placeholder='' | id='react-aria3349100905-_r_1f_'
2026-06-03 16:19:24 | INFO     | contact_manager |   <input> name='email' | type='email' | placeholder='exemple@domain.com' | id='react-aria3349100905-_r_1k_'
2026-06-03 16:19:24 | INFO     | contact_manager |   <input> name='' | type='text' | placeholder='' | id='react-aria3349100905-_r_21_'
2026-06-03 16:19:24 | INFO     | contact_manager |   <input> name='' | type='text' | placeholder='' | id='react-aria3349100905-_r_1p_'
2026-06-03 16:19:24 | INFO     | contact_manager |   <input> name='phoneNumber' | type='hidden' | placeholder='' | id=''
2026-06-03 16:19:24 | INFO     | contact_manager |   <input> name='isOwner' | type='checkbox' | placeholder='' | id=''
2026-06-03 16:19:24 | INFO     | contact_manager |   <input> name='newsletterOptout' | type='checkbox' | placeholder='' | id=''
2026-06-03 16:19:24 | INFO     | contact_manager |   <input> name='address' | type='text' | placeholder='Ex : 2 rue des italiens, 75009 Paris' | id='react-aria3349100905-_r_4p_'
2026-06-03 16:19:24 | INFO     | contact_manager |   <input> name='firstName' | type='text' | placeholder='' | id='react-aria3349100905-_r_2u_'
2026-06-03 16:19:24 | INFO     | contact_manager |   <input> name='lastName' | type='text' | placeholder='' | id='react-aria3349100905-_r_33_'
2026-06-03 16:19:24 | INFO     | contact_manager |   <input> name='email' | type='email' | placeholder='exemple@domain.com' | id='react-aria3349100905-_r_38_'
2026-06-03 16:19:24 | INFO     | contact_manager |   <input> name='' | type='text' | placeholder='' | id='react-aria3349100905-_r_3l_'
2026-06-03 16:19:24 | INFO     | contact_manager |   <input> name='' | type='text' | placeholder='' | id='react-aria3349100905-_r_3d_'
2026-06-03 16:19:24 | INFO     | contact_manager |   <input> name='phoneNumber' | type='hidden' | placeholder='' | id=''
2026-06-03 16:19:24 | INFO     | contact_manager |   <input> name='isOwner' | type='checkbox' | placeholder='' | id=''
2026-06-03 16:19:24 | INFO     | contact_manager |   <input> name='newsletterOptout' | type='checkbox' | placeholder='' | id=''
2026-06-03 16:19:29 | INFO     | contact_manager |   <select> name='' | type='select-one' | placeholder='' | id=''
2026-06-03 16:19:29 | INFO     | contact_manager | [DEBUG] Total : 20 champ(s)
2026-06-03 16:19:31 | INFO     | contact_manager | Champ prenom trouve et rempli.
2026-06-03 16:19:32 | INFO     | contact_manager | Champ nom trouve et rempli.
2026-06-03 16:19:37 | INFO     | contact_manager | Champ email trouve et rempli.
2026-06-03 16:19:42 | INFO     | contact_manager | Champ telephone rempli (hidden JS).
2026-06-03 16:20:02 | WARNING  | contact_manager | Champ message introuvable.
2026-06-03 16:20:02 | INFO     | contact_manager | Simulation — formulaire rempli, envoi non effectue.
2026-06-03 16:20:02 | DEBUG    | excel_manager | Annonce enregistrée dans Excel : 
2026-06-03 16:20:03 | INFO     | main | [2/10] https://www.seloger.com/annonces/achat/appartement/marseille-12eme-13/270476183.htm?serp_view=list&search=distributionTypes%3DBuy%26estateTypes%3DApartment%26locations%3DAD08FR4491%26numberOfBedroomsMin%3D2%26numberOfRoomsMin%3D4%26priceMax%3D1000000%26spaceMin%3D80#ln=classified_search_results&m=classified_search_results_classified_classified_detail_XL
2026-06-03 16:20:03 | INFO     | contact_manager | Contact : https://www.seloger.com/annonces/achat/appartement/marseille-12eme-13/270476183.htm?serp_view=list&search=distributionTypes%3DBuy%26estateTypes%3DApartment%26locations%3DAD08FR4491%26numberOfBedroomsMin%3D2%26numberOfRoomsMin%3D4%26priceMax%3D1000000%26spaceMin%3D80#ln=classified_search_results&m=classified_search_results_classified_classified_detail_XL
2026-06-03 16:20:07 | INFO     | contact_manager | Bloqueur Usercentrics installe.
2026-06-03 16:20:24 | INFO     | contact_manager | [DEBUG] URL   : https://www.seloger.com/annonces/achat/appartement/marseille-13/270476183.htm?search=distributionTypes%3DBuy%26estateTypes%3DApartment%26locations%3DAD08FR4491%26numberOfBedroomsMin%3D2%26numberOfRoomsMin%3D4%26priceMax%3D1000000%26spaceMin%3D80&serp_view=list#ln=classified_search_results&m=classified_search_results_classified_classified_detail_XL
2026-06-03 16:20:24 | INFO     | contact_manager | [DEBUG] Titre : Appartement à vendre T4/F4 86 m² 250000 € Marseille (13012)
2026-06-03 16:20:29 | INFO     | contact_manager | [DEBUG] 1 bouton(s) de contact :
2026-06-03 16:20:29 | INFO     | contact_manager |   texte='Contacter l'agence'
2026-06-03 16:20:46 | INFO     | contact_manager | Clic bouton contact effectue.
2026-06-03 16:20:46 | INFO     | contact_manager | Formulaire contact apparu.
2026-06-03 16:20:46 | INFO     | contact_manager | [DEBUG] Inventaire champs :
2026-06-03 16:20:46 | INFO     | contact_manager |   <input> name='' | type='text' | placeholder='' | id='react-aria-_R_6aplehaecqkm_'
2026-06-03 16:20:46 | INFO     | contact_manager |   <input> name='' | type='text' | placeholder='' | id='react-aria-_R_6qplehaecqkm_'
2026-06-03 16:20:46 | INFO     | contact_manager |   <input> name='firstName' | type='text' | placeholder='' | id='react-aria-_R_18pmhaecqkm_'
2026-06-03 16:20:46 | INFO     | contact_manager |   <input> name='lastName' | type='text' | placeholder='' | id='react-aria-_R_28pmhaecqkm_'
2026-06-03 16:20:46 | INFO     | contact_manager |   <input> name='email' | type='email' | placeholder='exemple@domain.com' | id='react-aria-_R_cpmhaecqkm_'
2026-06-03 16:20:46 | INFO     | contact_manager |   <input> name='' | type='text' | placeholder='' | id='react-aria7808607977-_r_l_'
2026-06-03 16:20:46 | INFO     | contact_manager |   <input> name='' | type='text' | placeholder='' | id='react-aria-_R_gpmhaecqkm_'
2026-06-03 16:20:46 | INFO     | contact_manager |   <input> name='phoneNumber' | type='hidden' | placeholder='' | id=''
2026-06-03 16:20:46 | INFO     | contact_manager |   <input> name='isOwner' | type='checkbox' | placeholder='' | id=''
2026-06-03 16:20:46 | INFO     | contact_manager |   <input> name='newsletterOptout' | type='checkbox' | placeholder='' | id=''
2026-06-03 16:20:46 | INFO     | contact_manager |   <input> name='address' | type='text' | placeholder='Ex : 2 rue des italiens, 75009 Paris' | id='react-aria7808607977-_r_2n_'
2026-06-03 16:20:46 | INFO     | contact_manager |   <input> name='firstName' | type='text' | placeholder='' | id='react-aria7808607977-_r_12_'
2026-06-03 16:20:46 | INFO     | contact_manager |   <input> name='lastName' | type='text' | placeholder='' | id='react-aria7808607977-_r_17_'
2026-06-03 16:20:46 | INFO     | contact_manager |   <input> name='email' | type='email' | placeholder='exemple@domain.com' | id='react-aria7808607977-_r_1c_'
2026-06-03 16:20:46 | INFO     | contact_manager |   <input> name='' | type='text' | placeholder='' | id='react-aria7808607977-_r_1p_'
2026-06-03 16:20:46 | INFO     | contact_manager |   <input> name='' | type='text' | placeholder='' | id='react-aria7808607977-_r_1h_'
2026-06-03 16:20:47 | INFO     | contact_manager |   <input> name='phoneNumber' | type='hidden' | placeholder='' | id=''
2026-06-03 16:20:47 | INFO     | contact_manager |   <input> name='isOwner' | type='checkbox' | placeholder='' | id=''
2026-06-03 16:20:47 | INFO     | contact_manager |   <input> name='newsletterOptout' | type='checkbox' | placeholder='' | id=''
2026-06-03 16:20:52 | INFO     | contact_manager |   <select> name='' | type='select-one' | placeholder='' | id=''
2026-06-03 16:20:52 | INFO     | contact_manager | [DEBUG] Total : 20 champ(s)
2026-06-03 16:20:54 | INFO     | contact_manager | Champ prenom trouve et rempli.
2026-06-03 16:20:56 | INFO     | contact_manager | Champ nom trouve et rempli.
2026-06-03 16:21:02 | INFO     | contact_manager | Champ email trouve et rempli.
2026-06-03 16:21:07 | INFO     | contact_manager | Champ telephone rempli (hidden JS).
2026-06-03 16:21:27 | WARNING  | contact_manager | Champ message introuvable.
2026-06-03 16:21:27 | INFO     | contact_manager | Simulation — formulaire rempli, envoi non effectue.
2026-06-03 16:21:27 | DEBUG    | excel_manager | Annonce enregistrée dans Excel : 
2026-06-03 16:21:29 | INFO     | main | [3/10] https://www.seloger.com/annonces/achat/appartement/marseille-8eme-13/vieille-chapelle/270788179.htm?serp_view=list&search=distributionTypes%3DBuy%26estateTypes%3DApartment%26locations%3DAD08FR4491%26numberOfBedroomsMin%3D2%26numberOfRoomsMin%3D4%26priceMax%3D1000000%26spaceMin%3D80#ln=classified_search_results&m=classified_search_results_classified_classified_detail_XL
2026-06-03 16:21:29 | INFO     | contact_manager | Contact : https://www.seloger.com/annonces/achat/appartement/marseille-8eme-13/vieille-chapelle/270788179.htm?serp_view=list&search=distributionTypes%3DBuy%26estateTypes%3DApartment%26locations%3DAD08FR4491%26numberOfBedroomsMin%3D2%26numberOfRoomsMin%3D4%26priceMax%3D1000000%26spaceMin%3D80#ln=classified_search_results&m=classified_search_results_classified_classified_detail_XL
2026-06-03 16:21:33 | INFO     | contact_manager | Bloqueur Usercentrics installe.
2026-06-03 16:26:00 | INFO     | main | ============================================================
2026-06-03 16:26:00 | INFO     | main | Démarrage du bot SeLoger
2026-06-03 16:26:00 | INFO     | main | Critères : Marseille | achat | appartement | <=1000000EUR | >=80m2 | >=4p | >=2ch
2026-06-03 16:26:00 | INFO     | main | Messages a envoyer : 10
2026-06-03 16:26:00 | INFO     | main | ============================================================
2026-06-03 16:26:00 | DEBUG    | excel_manager | Fichier Excel existant chargé : C:\Users\tepep\Bureau\bot_agence_immo\data\annonces_contactees.xlsx
2026-06-03 16:26:00 | DEBUG    | excel_manager | 14 lien(s) déjà enregistré(s).
2026-06-03 16:26:00 | INFO     | main | 14 annonce(s) deja contactee(s) en base.
2026-06-03 16:26:00 | INFO     | scraper | Démarrage de Chrome (headless, sans images)...
2026-06-03 16:26:06 | INFO     | scraper | Chrome démarré avec succès.
2026-06-03 16:26:06 | INFO     | city_resolver | Résolution du code SeLoger pour : 'Marseille'
2026-06-03 16:26:35 | INFO     | city_resolver | Recherche du champ ville...
2026-06-03 16:26:36 | INFO     | city_resolver | Champ trouvé avec le sélecteur : input[placeholder='Saisir le lieu ou le code postal']
2026-06-03 16:27:14 | INFO     | city_resolver | Aucun code dans les suggestions — soumission du formulaire...
2026-06-03 16:27:24 | INFO     | city_resolver | Code extrait depuis l'URL : AD08FR4491
2026-06-03 16:27:24 | INFO     | url_builder | URL generee : https://www.seloger.com/classified-search?distributionTypes=Buy&estateTypes=Apartment&locations=AD08FR4491&priceMax=1000000&spaceMin=80&numberOfRoomsMin=4&numberOfBedroomsMin=2
2026-06-03 16:27:24 | INFO     | main | Temps recherche : 77.7s
2026-06-03 16:27:24 | INFO     | scraper | URL générée : https://www.seloger.com/classified-search?distributionTypes=Buy&estateTypes=Apartment&locations=AD08FR4491&priceMax=1000000&spaceMin=80&numberOfRoomsMin=4&numberOfBedroomsMin=2
2026-06-03 16:27:57 | INFO     | scraper | Collecte des liens — page 1...
2026-06-03 16:27:57 | INFO     | scraper | Page 1 : 21 lien(s) trouvé(s).
2026-06-03 16:27:57 | INFO     | scraper |   -> https://www.seloger.com/annonces/achat/appartement/marseille-13/270647835.htm?serp_view=list&search=distributionTypes%3DBuy%26estateTypes%3DApartment%26locations%3DAD08FR4491%26numberOfBedroomsMin%3D2%26numberOfRoomsMin%3D4%26priceMax%3D1000000%26spaceMin%3D80#ln=classified_search_results&m=classified_search_results_classified_classified_detail_XL
2026-06-03 16:27:57 | INFO     | scraper |   -> https://www.seloger.com/annonces/achat/appartement/marseille-9eme-13/269581521.htm?serp_view=list&search=distributionTypes%3DBuy%26estateTypes%3DApartment%26locations%3DAD08FR4491%26numberOfBedroomsMin%3D2%26numberOfRoomsMin%3D4%26priceMax%3D1000000%26spaceMin%3D80#ln=classified_search_results&m=classified_search_results_classified_classified_detail_XL
2026-06-03 16:27:57 | INFO     | scraper |   -> https://www.seloger.com/annonces/achat/appartement/marseille-6eme-13/palais-de-justice/270216291.htm?serp_view=list&search=distributionTypes%3DBuy%26estateTypes%3DApartment%26locations%3DAD08FR4491%26numberOfBedroomsMin%3D2%26numberOfRoomsMin%3D4%26priceMax%3D1000000%26spaceMin%3D80#ln=classified_search_results&m=classified_search_results_classified_classified_detail_XL
2026-06-03 16:28:23 | INFO     | scraper | Total liens collectés : 21
2026-06-03 16:28:23 | INFO     | main | Temps recuperation annonces : 59.1s
2026-06-03 16:28:23 | INFO     | main | Annonces trouvees : 21
2026-06-03 16:28:23 | INFO     | main | 9 nouveaux lien(s) a analyser (12 doublon(s) ignores).
2026-06-03 16:28:23 | INFO     | main | Limite appliquee : 9 annonce(s).
2026-06-03 16:28:23 | INFO     | fetcher | Extraction de 9 fiche(s) — 6 workers parallèles.
2026-06-03 16:28:26 | INFO     | fetcher |   OK : '' |  |  | 
2026-06-03 16:28:26 | INFO     | fetcher |   OK : '' |  |  | 
2026-06-03 16:28:26 | INFO     | fetcher |   OK : '' |  |  | 
2026-06-03 16:28:26 | INFO     | fetcher |   OK : '' |  |  | 
2026-06-03 16:28:26 | INFO     | fetcher |   OK : '' |  |  | 
2026-06-03 16:28:26 | INFO     | fetcher |   OK : '' |  |  | 
2026-06-03 16:28:27 | INFO     | fetcher |   OK : '' |  |  | 
2026-06-03 16:28:27 | INFO     | fetcher |   OK : '' |  |  | 
2026-06-03 16:28:27 | INFO     | fetcher |   OK : '' |  |  | 
2026-06-03 16:28:27 | INFO     | fetcher | Extraction terminée : 9/9 réussies.
2026-06-03 16:28:27 | INFO     | main | Temps extraction : 4.2s
2026-06-03 16:28:27 | INFO     | main | Annonces analysees : 9
2026-06-03 16:28:27 | INFO     | main | [1/9] https://www.seloger.com/annonces/achat/appartement/marseille-8eme-13/perier/267904343.htm?serp_view=list&search=distributionTypes%3DBuy%26estateTypes%3DApartment%26locations%3DAD08FR4491%26numberOfBedroomsMin%3D2%26numberOfRoomsMin%3D4%26priceMax%3D1000000%26spaceMin%3D80#ln=classified_search_results&m=classified_search_results_classified_classified_detail_XL
2026-06-03 16:28:27 | INFO     | contact_manager | Contact : https://www.seloger.com/annonces/achat/appartement/marseille-8eme-13/perier/267904343.htm?serp_view=list&search=distributionTypes%3DBuy%26estateTypes%3DApartment%26locations%3DAD08FR4491%26numberOfBedroomsMin%3D2%26numberOfRoomsMin%3D4%26priceMax%3D1000000%26spaceMin%3D80#ln=classified_search_results&m=classified_search_results_classified_classified_detail_XL
2026-06-03 16:28:31 | INFO     | contact_manager | Bloqueur Usercentrics installe.
2026-06-03 16:28:47 | INFO     | contact_manager | [DEBUG] URL   : https://www.seloger.com/annonces/achat/appartement/marseille-8eme-13/perier/267904343.htm?serp_view=list&search=distributionTypes%3DBuy%26estateTypes%3DApartment%26locations%3DAD08FR4491%26numberOfBedroomsMin%3D2%26numberOfRoomsMin%3D4%26priceMax%3D1000000%26spaceMin%3D80#ln=classified_search_results&m=classified_search_results_classified_classified_detail_XL
2026-06-03 16:28:47 | INFO     | contact_manager | [DEBUG] Titre : Appartement à vendre T5/F5 116.06 m² 510000 € Périer Marseille (13008)
2026-06-03 16:28:53 | INFO     | contact_manager | [DEBUG] 1 bouton(s) de contact :
2026-06-03 16:28:53 | INFO     | contact_manager |   texte='Contacter l'agence'
2026-06-03 16:29:09 | INFO     | contact_manager | Clic bouton contact effectue.
2026-06-03 16:29:09 | INFO     | contact_manager | Formulaire contact apparu.
2026-06-03 16:29:09 | INFO     | contact_manager | [DEBUG] Inventaire champs :
2026-06-03 16:29:09 | INFO     | contact_manager |   <input> name='' | type='text' | placeholder='' | id='react-aria2191913216-_r_m_'
2026-06-03 16:29:10 | INFO     | contact_manager |   <input> name='' | type='text' | placeholder='' | id='react-aria2191913216-_r_r_'
2026-06-03 16:29:10 | INFO     | contact_manager |   <input> name='firstName' | type='text' | placeholder='' | id='react-aria2191913216-_r_1f_'
2026-06-03 16:29:10 | INFO     | contact_manager |   <input> name='lastName' | type='text' | placeholder='' | id='react-aria2191913216-_r_1k_'
2026-06-03 16:29:10 | INFO     | contact_manager |   <input> name='email' | type='email' | placeholder='exemple@domain.com' | id='react-aria2191913216-_r_1p_'
2026-06-03 16:29:10 | INFO     | contact_manager |   <input> name='' | type='text' | placeholder='' | id='react-aria2191913216-_r_26_'
2026-06-03 16:29:10 | INFO     | contact_manager |   <input> name='' | type='text' | placeholder='' | id='react-aria2191913216-_r_1u_'
2026-06-03 16:29:10 | INFO     | contact_manager |   <input> name='phoneNumber' | type='hidden' | placeholder='' | id=''
2026-06-03 16:29:10 | INFO     | contact_manager |   <input> name='isOwner' | type='checkbox' | placeholder='' | id=''
2026-06-03 16:29:10 | INFO     | contact_manager |   <input> name='newsletterOptout' | type='checkbox' | placeholder='' | id=''
2026-06-03 16:29:10 | INFO     | contact_manager |   <input> name='address' | type='text' | placeholder='Ex : 2 rue des italiens, 75009 Paris' | id='react-aria2191913216-_r_52_'
2026-06-03 16:29:10 | INFO     | contact_manager |   <input> name='firstName' | type='text' | placeholder='' | id='react-aria2191913216-_r_37_'
2026-06-03 16:29:10 | INFO     | contact_manager |   <input> name='lastName' | type='text' | placeholder='' | id='react-aria2191913216-_r_3c_'
2026-06-03 16:29:10 | INFO     | contact_manager |   <input> name='email' | type='email' | placeholder='exemple@domain.com' | id='react-aria2191913216-_r_3h_'
2026-06-03 16:29:10 | INFO     | contact_manager |   <input> name='' | type='text' | placeholder='' | id='react-aria2191913216-_r_3u_'
2026-06-03 16:29:10 | INFO     | contact_manager |   <input> name='' | type='text' | placeholder='' | id='react-aria2191913216-_r_3m_'
2026-06-03 16:29:10 | INFO     | contact_manager |   <input> name='phoneNumber' | type='hidden' | placeholder='' | id=''
2026-06-03 16:29:10 | INFO     | contact_manager |   <input> name='isOwner' | type='checkbox' | placeholder='' | id=''
2026-06-03 16:29:10 | INFO     | contact_manager |   <input> name='newsletterOptout' | type='checkbox' | placeholder='' | id=''
2026-06-03 16:29:15 | INFO     | contact_manager |   <select> name='' | type='select-one' | placeholder='' | id=''
2026-06-03 16:29:15 | INFO     | contact_manager | [DEBUG] Total : 20 champ(s)
2026-06-03 16:29:17 | INFO     | contact_manager | Champ prenom trouve et rempli.
2026-06-03 16:29:19 | INFO     | contact_manager | Champ nom trouve et rempli.
2026-06-03 16:29:23 | INFO     | contact_manager | Champ email trouve et rempli.
2026-06-03 16:29:29 | INFO     | contact_manager | Champ telephone rempli (hidden JS).
2026-06-03 16:29:49 | ERROR    | contact_manager | Erreur pour https://www.seloger.com/annonces/achat/appartement/marseille-8eme-13/perier/267904343.htm?serp_view=list&search=distributionTypes%3DBuy%26estateTypes%3DApartment%26locations%3DAD08FR4491%26numberOfBedroomsMin%3D2%26numberOfRoomsMin%3D4%26priceMax%3D1000000%26spaceMin%3D80#ln=classified_search_results&m=classified_search_results_classified_classified_detail_XL : Message: invalid selector: Unable to locate an element with the xpath expression //[role='button'][contains(text(), 'Ajouter un message')] because of the following error:
SyntaxError: Failed to execute 'evaluate' on 'Document': The string '//[role='button'][contains(text(), 'Ajouter un message')]' is not a valid XPath expression.
  (Session info: chrome=148.0.7778.216); For documentation on this error, please visit: https://www.selenium.dev/documentation/webdriver/troubleshooting/errors#invalidselectorexception
Stacktrace:
	chromedriver!GetHandleVerifier [0x7ff753477de5+14895]
	chromedriver!GetHandleVerifier [0x7ff753477e50+14900]
	chromedriver!(No symbol) [0x7ff7531dd5ad]
	chromedriver!(No symbol) [0x7ff7531e5521]
	chromedriver!(No symbol) [0x7ff7531e85e5]
	chromedriver!(No symbol) [0x7ff7531e86af]
	chromedriver!(No symbol) [0x7ff753236f9e]
	chromedriver!(No symbol) [0x7ff753237b2c]
	chromedriver!(No symbol) [0x7ff753287d17]
	chromedriver!(No symbol) [0x7ff75328486f]
	chromedriver!(No symbol) [0x7ff753229df8]
	chromedriver!(No symbol) [0x7ff75322ace3]
	chromedriver!GetHandleVerifier [0x7ff75378cc49+3296f9]
	chromedriver!GetHandleVerifier [0x7ff753787375+323e25]
	chromedriver!GetHandleVerifier [0x7ff7537abc82+348732]
	chromedriver!GetHandleVerifier [0x7ff753496045+32af5]
	chromedriver!GetHandleVerifier [0x7ff75349ecec+3b79c]
	chromedriver!GetHandleVerifier [0x7ff753481bc4+1e674]
	chromedriver!GetHandleVerifier [0x7ff753481d54+1e804]
	chromedriver!GetHandleVerifier [0x7ff7534660e7+2b97]
	KERNEL32!BaseThreadInitThunk [0x7fff96b57374+14]
	ntdll!RtlUserThreadStart [0x7fff97a3cc91+21]

2026-06-03 16:29:49 | WARNING  | scraper | Screenshot : C:\Users\tepep\Bureau\bot_agence_immo\screenshots\erreur_erreur_contact_20260603_162949.png
2026-06-03 16:29:49 | DEBUG    | excel_manager | Annonce enregistrée dans Excel : 
2026-06-03 16:29:50 | INFO     | main | [2/9] https://www.seloger.com/annonces/achat/appartement/marseille-8eme-13/vieille-chapelle/270788179.htm?serp_view=list&search=distributionTypes%3DBuy%26estateTypes%3DApartment%26locations%3DAD08FR4491%26numberOfBedroomsMin%3D2%26numberOfRoomsMin%3D4%26priceMax%3D1000000%26spaceMin%3D80#ln=classified_search_results&m=classified_search_results_classified_classified_detail_XL
2026-06-03 16:29:50 | INFO     | contact_manager | Contact : https://www.seloger.com/annonces/achat/appartement/marseille-8eme-13/vieille-chapelle/270788179.htm?serp_view=list&search=distributionTypes%3DBuy%26estateTypes%3DApartment%26locations%3DAD08FR4491%26numberOfBedroomsMin%3D2%26numberOfRoomsMin%3D4%26priceMax%3D1000000%26spaceMin%3D80#ln=classified_search_results&m=classified_search_results_classified_classified_detail_XL
2026-06-03 16:29:54 | INFO     | contact_manager | Bloqueur Usercentrics installe.
2026-06-03 16:30:10 | INFO     | contact_manager | [DEBUG] URL   : https://www.seloger.com/annonces/achat/appartement/marseille-8eme-13/vieille-chapelle/270788179.htm?serp_view=list&search=distributionTypes%3DBuy%26estateTypes%3DApartment%26locations%3DAD08FR4491%26numberOfBedroomsMin%3D2%26numberOfRoomsMin%3D4%26priceMax%3D1000000%26spaceMin%3D80#ln=classified_search_results&m=classified_search_results_classified_classified_detail_XL
2026-06-03 16:30:10 | INFO     | contact_manager | [DEBUG] Titre : Appartement à vendre T4/F4 81 m² 430000 € Vieille Chapelle Marseille (13008)
2026-06-03 16:30:15 | INFO     | contact_manager | [DEBUG] 1 bouton(s) de contact :
2026-06-03 16:30:15 | INFO     | contact_manager |   texte='Contacter l'agence'
2026-06-03 16:38:00 | INFO     | main | ============================================================
2026-06-03 16:38:00 | INFO     | main | Démarrage du bot SeLoger
2026-06-03 16:38:00 | INFO     | main | Critères : Marseille | achat | appartement | <=1000000EUR | >=80m2 | >=4p | >=2ch
2026-06-03 16:38:00 | INFO     | main | Messages a envoyer : 10
2026-06-03 16:38:00 | INFO     | main | ============================================================
2026-06-03 16:38:00 | DEBUG    | excel_manager | Fichier Excel existant chargé : C:\Users\tepep\Bureau\bot_agence_immo\data\annonces_contactees.xlsx
2026-06-03 16:38:00 | DEBUG    | excel_manager | 15 lien(s) déjà enregistré(s).
2026-06-03 16:38:00 | INFO     | main | 15 annonce(s) deja contactee(s) en base.
2026-06-03 16:38:00 | INFO     | scraper | Démarrage de Chrome (headless, sans images)...
2026-06-03 16:38:07 | INFO     | scraper | Chrome démarré avec succès.
2026-06-03 16:38:07 | INFO     | city_resolver | Résolution du code SeLoger pour : 'Marseille'
2026-06-03 16:38:36 | INFO     | city_resolver | Recherche du champ ville...
2026-06-03 16:38:37 | INFO     | city_resolver | Champ trouvé avec le sélecteur : input[placeholder='Saisir le lieu ou le code postal']
2026-06-03 16:39:15 | INFO     | city_resolver | Aucun code dans les suggestions — soumission du formulaire...
2026-06-03 16:39:23 | INFO     | city_resolver | Code extrait depuis l'URL : AD08FR4491
2026-06-03 16:39:23 | INFO     | url_builder | URL generee : https://www.seloger.com/classified-search?distributionTypes=Buy&estateTypes=Apartment&locations=AD08FR4491&priceMax=1000000&spaceMin=80&numberOfRoomsMin=4&numberOfBedroomsMin=2
2026-06-03 16:39:23 | INFO     | main | Temps recherche : 76.2s
2026-06-03 16:39:23 | INFO     | scraper | URL générée : https://www.seloger.com/classified-search?distributionTypes=Buy&estateTypes=Apartment&locations=AD08FR4491&priceMax=1000000&spaceMin=80&numberOfRoomsMin=4&numberOfBedroomsMin=2
2026-06-03 16:39:56 | INFO     | scraper | Collecte des liens — page 1...
2026-06-03 16:39:57 | INFO     | scraper | Page 1 : 20 lien(s) trouvé(s).
2026-06-03 16:39:57 | INFO     | scraper |   -> https://www.seloger.com/annonces/achat/appartement/marseille-13/270647835.htm?serp_view=list&search=distributionTypes%3DBuy%26estateTypes%3DApartment%26locations%3DAD08FR4491%26numberOfBedroomsMin%3D2%26numberOfRoomsMin%3D4%26priceMax%3D1000000%26spaceMin%3D80#ln=classified_search_results&m=classified_search_results_classified_classified_detail_XL
2026-06-03 16:39:57 | INFO     | scraper |   -> https://www.seloger.com/annonces/achat/appartement/marseille-9eme-13/269581521.htm?serp_view=list&search=distributionTypes%3DBuy%26estateTypes%3DApartment%26locations%3DAD08FR4491%26numberOfBedroomsMin%3D2%26numberOfRoomsMin%3D4%26priceMax%3D1000000%26spaceMin%3D80#ln=classified_search_results&m=classified_search_results_classified_classified_detail_XL
2026-06-03 16:39:57 | INFO     | scraper |   -> https://www.seloger.com/annonces/achat/appartement/marseille-6eme-13/palais-de-justice/270216291.htm?serp_view=list&search=distributionTypes%3DBuy%26estateTypes%3DApartment%26locations%3DAD08FR4491%26numberOfBedroomsMin%3D2%26numberOfRoomsMin%3D4%26priceMax%3D1000000%26spaceMin%3D80#ln=classified_search_results&m=classified_search_results_classified_classified_detail_XL
2026-06-03 16:40:22 | INFO     | scraper | Total liens collectés : 20
2026-06-03 16:40:22 | INFO     | main | Temps recuperation annonces : 58.9s
2026-06-03 16:40:22 | INFO     | main | Annonces trouvees : 20
2026-06-03 16:40:22 | INFO     | main | 7 nouveaux lien(s) a analyser (13 doublon(s) ignores).
2026-06-03 16:40:22 | INFO     | main | Limite appliquee : 7 annonce(s).
2026-06-03 16:40:22 | INFO     | fetcher | Extraction de 7 fiche(s) — 6 workers parallèles.
2026-06-03 16:40:27 | INFO     | fetcher |   OK : '' |  |  | 
2026-06-03 16:40:27 | INFO     | fetcher |   OK : '' |  |  | 
2026-06-03 16:40:27 | INFO     | fetcher |   OK : '' |  |  | 
2026-06-03 16:40:27 | INFO     | fetcher |   OK : '' |  |  | 
2026-06-03 16:40:27 | INFO     | fetcher |   OK : '' |  |  | 
2026-06-03 16:40:27 | INFO     | fetcher |   OK : '' |  |  | 
2026-06-03 16:40:27 | INFO     | fetcher |   OK : '' |  |  | 
2026-06-03 16:40:27 | INFO     | fetcher | Extraction terminée : 7/7 réussies.
2026-06-03 16:40:27 | INFO     | main | Temps extraction : 5.4s
2026-06-03 16:40:27 | INFO     | main | Annonces analysees : 7
2026-06-03 16:40:27 | INFO     | main | [1/7] https://www.seloger.com/annonces/achat/appartement/marseille-8eme-13/vieille-chapelle/270788179.htm?serp_view=list&search=distributionTypes%3DBuy%26estateTypes%3DApartment%26locations%3DAD08FR4491%26numberOfBedroomsMin%3D2%26numberOfRoomsMin%3D4%26priceMax%3D1000000%26spaceMin%3D80#ln=classified_search_results&m=classified_search_results_classified_classified_detail_XL
2026-06-03 16:40:27 | INFO     | contact_manager | Contact : https://www.seloger.com/annonces/achat/appartement/marseille-8eme-13/vieille-chapelle/270788179.htm?serp_view=list&search=distributionTypes%3DBuy%26estateTypes%3DApartment%26locations%3DAD08FR4491%26numberOfBedroomsMin%3D2%26numberOfRoomsMin%3D4%26priceMax%3D1000000%26spaceMin%3D80#ln=classified_search_results&m=classified_search_results_classified_classified_detail_XL
2026-06-03 16:40:32 | INFO     | contact_manager | Bloqueur Usercentrics installe.
2026-06-03 16:40:48 | INFO     | contact_manager | [DEBUG] URL   : https://www.seloger.com/annonces/achat/appartement/marseille-8eme-13/vieille-chapelle/270788179.htm?serp_view=list&search=distributionTypes%3DBuy%26estateTypes%3DApartment%26locations%3DAD08FR4491%26numberOfBedroomsMin%3D2%26numberOfRoomsMin%3D4%26priceMax%3D1000000%26spaceMin%3D80#ln=classified_search_results&m=classified_search_results_classified_classified_detail_XL
2026-06-03 16:40:48 | INFO     | contact_manager | [DEBUG] Titre : Appartement à vendre T4/F4 81 m² 430000 € Vieille Chapelle Marseille (13008)
2026-06-03 16:40:52 | INFO     | contact_manager | [DEBUG] 1 bouton(s) de contact :
2026-06-03 16:40:52 | INFO     | contact_manager |   texte='Contacter l'agence'
2026-06-03 16:41:09 | INFO     | contact_manager | Clic bouton contact effectue.
2026-06-03 16:41:09 | INFO     | contact_manager | Formulaire contact apparu.
2026-06-03 16:41:09 | INFO     | contact_manager | [DEBUG] Inventaire champs :
2026-06-03 16:41:09 | INFO     | contact_manager |   <input> name='' | type='text' | placeholder='' | id='react-aria-_R_6aplehaecqkm_'
2026-06-03 16:41:09 | INFO     | contact_manager |   <input> name='' | type='text' | placeholder='' | id='react-aria-_R_6qplehaecqkm_'
2026-06-03 16:41:09 | INFO     | contact_manager |   <input> name='firstName' | type='text' | placeholder='' | id='react-aria-_R_18pmhaecqkm_'
2026-06-03 16:41:09 | INFO     | contact_manager |   <input> name='lastName' | type='text' | placeholder='' | id='react-aria-_R_28pmhaecqkm_'
2026-06-03 16:41:09 | INFO     | contact_manager |   <input> name='email' | type='email' | placeholder='exemple@domain.com' | id='react-aria-_R_cpmhaecqkm_'
2026-06-03 16:41:09 | INFO     | contact_manager |   <input> name='' | type='text' | placeholder='' | id='react-aria373557657-_r_l_'
2026-06-03 16:41:09 | INFO     | contact_manager |   <input> name='' | type='text' | placeholder='' | id='react-aria-_R_gpmhaecqkm_'
2026-06-03 16:41:09 | INFO     | contact_manager |   <input> name='phoneNumber' | type='hidden' | placeholder='' | id=''
2026-06-03 16:41:09 | INFO     | contact_manager |   <input> name='isOwner' | type='checkbox' | placeholder='' | id=''
2026-06-03 16:41:09 | INFO     | contact_manager |   <input> name='newsletterOptout' | type='checkbox' | placeholder='' | id=''
2026-06-03 16:41:09 | INFO     | contact_manager |   <input> name='address' | type='text' | placeholder='Ex : 2 rue des italiens, 75009 Paris' | id='react-aria373557657-_r_2t_'
2026-06-03 16:41:09 | INFO     | contact_manager |   <input> name='firstName' | type='text' | placeholder='' | id='react-aria373557657-_r_12_'
2026-06-03 16:41:10 | INFO     | contact_manager |   <input> name='lastName' | type='text' | placeholder='' | id='react-aria373557657-_r_17_'
2026-06-03 16:41:10 | INFO     | contact_manager |   <input> name='email' | type='email' | placeholder='exemple@domain.com' | id='react-aria373557657-_r_1c_'
2026-06-03 16:41:10 | INFO     | contact_manager |   <input> name='' | type='text' | placeholder='' | id='react-aria373557657-_r_1p_'
2026-06-03 16:41:10 | INFO     | contact_manager |   <input> name='' | type='text' | placeholder='' | id='react-aria373557657-_r_1h_'
2026-06-03 16:41:10 | INFO     | contact_manager |   <input> name='phoneNumber' | type='hidden' | placeholder='' | id=''
2026-06-03 16:41:10 | INFO     | contact_manager |   <input> name='isOwner' | type='checkbox' | placeholder='' | id=''
2026-06-03 16:41:10 | INFO     | contact_manager |   <input> name='newsletterOptout' | type='checkbox' | placeholder='' | id=''
2026-06-03 16:41:15 | INFO     | contact_manager |   <select> name='' | type='select-one' | placeholder='' | id=''
2026-06-03 16:41:15 | INFO     | contact_manager | [DEBUG] Total : 20 champ(s)
2026-06-03 16:41:17 | INFO     | contact_manager | Champ prenom trouve et rempli.
2026-06-03 16:41:18 | INFO     | contact_manager | Champ nom trouve et rempli.
2026-06-03 16:41:23 | INFO     | contact_manager | Champ email trouve et rempli.
2026-06-03 16:41:28 | INFO     | contact_manager | Champ telephone rempli (hidden JS).
2026-06-03 16:44:14 | WARNING  | contact_manager | Bouton 'Ajouter un message' introuvable.
2026-06-03 16:44:35 | WARNING  | contact_manager | Champ message introuvable.
2026-06-03 16:44:35 | INFO     | contact_manager | Simulation — formulaire rempli, envoi non effectue.
2026-06-03 16:44:35 | DEBUG    | excel_manager | Annonce enregistrée dans Excel : 
2026-06-03 16:44:36 | INFO     | main | [2/7] https://www.seloger.com/annonces/achat/appartement/marseille-13/269961269.htm?serp_view=list&search=distributionTypes%3DBuy%26estateTypes%3DApartment%26locations%3DAD08FR4491%26numberOfBedroomsMin%3D2%26numberOfRoomsMin%3D4%26priceMax%3D1000000%26spaceMin%3D80#ln=classified_search_results&m=classified_search_results_classified_classified_detail_XL
2026-06-03 16:44:36 | INFO     | contact_manager | Contact : https://www.seloger.com/annonces/achat/appartement/marseille-13/269961269.htm?serp_view=list&search=distributionTypes%3DBuy%26estateTypes%3DApartment%26locations%3DAD08FR4491%26numberOfBedroomsMin%3D2%26numberOfRoomsMin%3D4%26priceMax%3D1000000%26spaceMin%3D80#ln=classified_search_results&m=classified_search_results_classified_classified_detail_XL
2026-06-03 16:44:45 | INFO     | contact_manager | Bloqueur Usercentrics installe.
2026-06-03 16:45:01 | INFO     | contact_manager | [DEBUG] URL   : https://www.seloger.com/annonces/achat/appartement/marseille-6eme-13/vauban/269961269.htm?search=distributionTypes%3DBuy%26estateTypes%3DApartment%26locations%3DAD08FR4491%26numberOfBedroomsMin%3D2%26numberOfRoomsMin%3D4%26priceMax%3D1000000%26spaceMin%3D80&serp_view=list#ln=classified_search_results&m=classified_search_results_classified_classified_detail_XL
2026-06-03 16:45:01 | INFO     | contact_manager | [DEBUG] Titre : Appartement à vendre T4/F4 108 m² 399000 € Vauban Marseille (13006)
2026-06-03 16:45:08 | INFO     | contact_manager | [DEBUG] 1 bouton(s) de contact :
2026-06-03 16:45:08 | INFO     | contact_manager |   texte='Contacter l'agence'
2026-06-03 16:45:24 | INFO     | contact_manager | Clic bouton contact effectue.
2026-06-03 16:45:25 | INFO     | contact_manager | Formulaire contact apparu.
2026-06-03 16:45:25 | INFO     | contact_manager | [DEBUG] Inventaire champs :
2026-06-03 16:45:25 | INFO     | contact_manager |   <input> name='' | type='text' | placeholder='' | id='react-aria9876738032-_r_k_'
2026-06-03 16:45:25 | INFO     | contact_manager |   <input> name='' | type='text' | placeholder='' | id='react-aria9876738032-_r_p_'
2026-06-03 16:45:25 | INFO     | contact_manager |   <input> name='firstName' | type='text' | placeholder='' | id='react-aria9876738032-_r_1d_'
2026-06-03 16:45:25 | INFO     | contact_manager |   <input> name='lastName' | type='text' | placeholder='' | id='react-aria9876738032-_r_1i_'
2026-06-03 16:45:25 | INFO     | contact_manager |   <input> name='email' | type='email' | placeholder='exemple@domain.com' | id='react-aria9876738032-_r_1n_'
2026-06-03 16:45:25 | INFO     | contact_manager |   <input> name='' | type='text' | placeholder='' | id='react-aria9876738032-_r_24_'
2026-06-03 16:45:25 | INFO     | contact_manager |   <input> name='' | type='text' | placeholder='' | id='react-aria9876738032-_r_1s_'
2026-06-03 16:45:25 | INFO     | contact_manager |   <input> name='phoneNumber' | type='hidden' | placeholder='' | id=''
2026-06-03 16:45:25 | INFO     | contact_manager |   <input> name='isOwner' | type='checkbox' | placeholder='' | id=''
2026-06-03 16:45:25 | INFO     | contact_manager |   <input> name='newsletterOptout' | type='checkbox' | placeholder='' | id=''
2026-06-03 16:45:25 | INFO     | contact_manager |   <input> name='address' | type='text' | placeholder='Ex : 2 rue des italiens, 75009 Paris' | id='react-aria9876738032-_r_4m_'
2026-06-03 16:45:26 | INFO     | contact_manager |   <input> name='firstName' | type='text' | placeholder='' | id='react-aria9876738032-_r_31_'
2026-06-03 16:45:26 | INFO     | contact_manager |   <input> name='lastName' | type='text' | placeholder='' | id='react-aria9876738032-_r_36_'
2026-06-03 16:45:26 | INFO     | contact_manager |   <input> name='email' | type='email' | placeholder='exemple@domain.com' | id='react-aria9876738032-_r_3b_'
2026-06-03 16:45:26 | INFO     | contact_manager |   <input> name='' | type='text' | placeholder='' | id='react-aria9876738032-_r_3o_'
2026-06-03 16:45:27 | INFO     | contact_manager |   <input> name='' | type='text' | placeholder='' | id='react-aria9876738032-_r_3g_'
2026-06-03 16:45:27 | INFO     | contact_manager |   <input> name='phoneNumber' | type='hidden' | placeholder='' | id=''
2026-06-03 16:45:27 | INFO     | contact_manager |   <input> name='isOwner' | type='checkbox' | placeholder='' | id=''
2026-06-03 16:45:27 | INFO     | contact_manager |   <input> name='newsletterOptout' | type='checkbox' | placeholder='' | id=''
2026-06-03 16:45:33 | INFO     | contact_manager |   <select> name='' | type='select-one' | placeholder='' | id=''
2026-06-03 16:45:33 | INFO     | contact_manager | [DEBUG] Total : 20 champ(s)
2026-06-03 16:45:35 | INFO     | contact_manager | Champ prenom trouve et rempli.
2026-06-03 16:45:36 | INFO     | contact_manager | Champ nom trouve et rempli.
2026-06-03 16:45:41 | INFO     | contact_manager | Champ email trouve et rempli.
2026-06-03 16:45:46 | INFO     | contact_manager | Champ telephone rempli (hidden JS).
2026-06-03 16:53:03 | INFO     | main | ============================================================
2026-06-03 16:53:03 | INFO     | main | Démarrage du bot SeLoger
2026-06-03 16:53:03 | INFO     | main | Critères : Marseille | achat | appartement | <=1000000EUR | >=80m2 | >=4p | >=2ch
2026-06-03 16:53:03 | INFO     | main | Messages a envoyer : 10
2026-06-03 16:53:03 | INFO     | main | ============================================================
2026-06-03 16:53:03 | DEBUG    | excel_manager | Fichier Excel existant chargé : C:\Users\tepep\Bureau\bot_agence_immo\data\annonces_contactees.xlsx
2026-06-03 16:53:03 | DEBUG    | excel_manager | 16 lien(s) déjà enregistré(s).
2026-06-03 16:53:03 | INFO     | main | 16 annonce(s) deja contactee(s) en base.
2026-06-03 16:53:03 | INFO     | scraper | Démarrage de Chrome (headless, sans images)...
2026-06-03 16:53:09 | INFO     | scraper | Chrome démarré avec succès.
2026-06-03 16:53:09 | INFO     | city_resolver | Résolution du code SeLoger pour : 'Marseille'
2026-06-03 16:53:38 | INFO     | city_resolver | Recherche du champ ville...
2026-06-03 16:53:38 | INFO     | city_resolver | Champ trouvé avec le sélecteur : input[placeholder='Saisir le lieu ou le code postal']
2026-06-03 16:54:16 | INFO     | city_resolver | Aucun code dans les suggestions — soumission du formulaire...
2026-06-03 16:54:23 | INFO     | city_resolver | Code extrait depuis l'URL : AD08FR4491
2026-06-03 16:54:23 | INFO     | url_builder | URL generee : https://www.seloger.com/classified-search?distributionTypes=Buy&estateTypes=Apartment&locations=AD08FR4491&priceMax=1000000&spaceMin=80&numberOfRoomsMin=4&numberOfBedroomsMin=2
2026-06-03 16:54:23 | INFO     | main | Temps recherche : 74.5s
2026-06-03 16:54:23 | INFO     | scraper | URL générée : https://www.seloger.com/classified-search?distributionTypes=Buy&estateTypes=Apartment&locations=AD08FR4491&priceMax=1000000&spaceMin=80&numberOfRoomsMin=4&numberOfBedroomsMin=2
2026-06-03 16:54:56 | INFO     | scraper | Collecte des liens — page 1...
2026-06-03 16:54:57 | INFO     | scraper | Page 1 : 21 lien(s) trouvé(s).
2026-06-03 16:54:57 | INFO     | scraper |   -> https://www.seloger.com/annonces/achat/appartement/marseille-13/270647835.htm?serp_view=list&search=distributionTypes%3DBuy%26estateTypes%3DApartment%26locations%3DAD08FR4491%26numberOfBedroomsMin%3D2%26numberOfRoomsMin%3D4%26priceMax%3D1000000%26spaceMin%3D80#ln=classified_search_results&m=classified_search_results_classified_classified_detail_XL
2026-06-03 16:54:57 | INFO     | scraper |   -> https://www.seloger.com/annonces/achat/appartement/marseille-9eme-13/269581521.htm?serp_view=list&search=distributionTypes%3DBuy%26estateTypes%3DApartment%26locations%3DAD08FR4491%26numberOfBedroomsMin%3D2%26numberOfRoomsMin%3D4%26priceMax%3D1000000%26spaceMin%3D80#ln=classified_search_results&m=classified_search_results_classified_classified_detail_XL
2026-06-03 16:54:57 | INFO     | scraper |   -> https://www.seloger.com/annonces/achat/appartement/marseille-6eme-13/palais-de-justice/270216291.htm?serp_view=list&search=distributionTypes%3DBuy%26estateTypes%3DApartment%26locations%3DAD08FR4491%26numberOfBedroomsMin%3D2%26numberOfRoomsMin%3D4%26priceMax%3D1000000%26spaceMin%3D80#ln=classified_search_results&m=classified_search_results_classified_classified_detail_XL
2026-06-03 16:55:22 | INFO     | scraper | Total liens collectés : 21
2026-06-03 16:55:22 | INFO     | main | Temps recuperation annonces : 59.1s
2026-06-03 16:55:22 | INFO     | main | Annonces trouvees : 21
2026-06-03 16:55:22 | INFO     | main | 7 nouveaux lien(s) a analyser (14 doublon(s) ignores).
2026-06-03 16:55:22 | INFO     | main | Limite appliquee : 7 annonce(s).
2026-06-03 16:55:22 | INFO     | fetcher | Extraction de 7 fiche(s) — 6 workers parallèles.
2026-06-03 16:55:26 | INFO     | fetcher |   OK : '' |  |  | 
2026-06-03 16:55:26 | INFO     | fetcher |   OK : '' |  |  | 
2026-06-03 16:55:26 | INFO     | fetcher |   OK : '' |  |  | 
2026-06-03 16:55:26 | INFO     | fetcher |   OK : '' |  |  | 
2026-06-03 16:55:26 | INFO     | fetcher |   OK : '' |  |  | 
2026-06-03 16:55:26 | INFO     | fetcher |   OK : '' |  |  | 
2026-06-03 16:55:26 | INFO     | fetcher |   OK : '' |  |  | 
2026-06-03 16:55:26 | INFO     | fetcher | Extraction terminée : 7/7 réussies.
2026-06-03 16:55:26 | INFO     | main | Temps extraction : 3.9s
2026-06-03 16:55:26 | INFO     | main | Annonces analysees : 7
2026-06-03 16:55:26 | INFO     | main | [1/7] https://www.seloger.com/annonces/achat/appartement/marseille-8eme-13/sainte-anne/268991223.htm?serp_view=list&search=distributionTypes%3DBuy%26estateTypes%3DApartment%26locations%3DAD08FR4491%26numberOfBedroomsMin%3D2%26numberOfRoomsMin%3D4%26priceMax%3D1000000%26spaceMin%3D80#ln=classified_search_results&m=classified_search_results_classified_classified_detail_XL
2026-06-03 16:55:26 | INFO     | contact_manager | Contact : https://www.seloger.com/annonces/achat/appartement/marseille-8eme-13/sainte-anne/268991223.htm?serp_view=list&search=distributionTypes%3DBuy%26estateTypes%3DApartment%26locations%3DAD08FR4491%26numberOfBedroomsMin%3D2%26numberOfRoomsMin%3D4%26priceMax%3D1000000%26spaceMin%3D80#ln=classified_search_results&m=classified_search_results_classified_classified_detail_XL
2026-06-03 16:55:30 | INFO     | contact_manager | Bloqueur Usercentrics installe.
2026-06-03 16:55:47 | INFO     | contact_manager | [DEBUG] URL   : https://www.seloger.com/annonces/achat/appartement/marseille-8eme-13/sainte-anne/268991223.htm?serp_view=list&search=distributionTypes%3DBuy%26estateTypes%3DApartment%26locations%3DAD08FR4491%26numberOfBedroomsMin%3D2%26numberOfRoomsMin%3D4%26priceMax%3D1000000%26spaceMin%3D80#ln=classified_search_results&m=classified_search_results_classified_classified_detail_XL
2026-06-03 16:55:47 | INFO     | contact_manager | [DEBUG] Titre : Appartement à vendre T4/F4 113 m² 555000 € Sainte Anne Marseille (13008)
2026-06-03 16:55:53 | INFO     | contact_manager | [DEBUG] 1 bouton(s) de contact :
2026-06-03 16:55:53 | INFO     | contact_manager |   texte='Contacter l'agence'
2026-06-03 16:56:09 | INFO     | contact_manager | Clic bouton contact effectue.
2026-06-03 16:56:09 | INFO     | contact_manager | Formulaire contact apparu.
2026-06-03 16:56:09 | INFO     | contact_manager | [DEBUG] Inventaire champs :
2026-06-03 16:56:09 | INFO     | contact_manager |   <input> name='' | type='text' | placeholder='' | id='react-aria-_R_6aplehaecqkm_'
2026-06-03 16:56:09 | INFO     | contact_manager |   <input> name='' | type='text' | placeholder='' | id='react-aria-_R_6qplehaecqkm_'
2026-06-03 16:56:09 | INFO     | contact_manager |   <input> name='firstName' | type='text' | placeholder='' | id='react-aria-_R_18pmhaecqkm_'
2026-06-03 16:56:09 | INFO     | contact_manager |   <input> name='lastName' | type='text' | placeholder='' | id='react-aria-_R_28pmhaecqkm_'
2026-06-03 16:56:09 | INFO     | contact_manager |   <input> name='email' | type='email' | placeholder='exemple@domain.com' | id='react-aria-_R_cpmhaecqkm_'
2026-06-03 16:56:09 | INFO     | contact_manager |   <input> name='' | type='text' | placeholder='' | id='react-aria5762460046-_r_l_'
2026-06-03 16:56:09 | INFO     | contact_manager |   <input> name='' | type='text' | placeholder='' | id='react-aria-_R_gpmhaecqkm_'
2026-06-03 16:56:09 | INFO     | contact_manager |   <input> name='phoneNumber' | type='hidden' | placeholder='' | id=''
2026-06-03 16:56:09 | INFO     | contact_manager |   <input> name='isOwner' | type='checkbox' | placeholder='' | id=''
2026-06-03 16:56:10 | INFO     | contact_manager |   <input> name='newsletterOptout' | type='checkbox' | placeholder='' | id=''
2026-06-03 16:56:10 | INFO     | contact_manager |   <input> name='address' | type='text' | placeholder='Ex : 2 rue des italiens, 75009 Paris' | id='react-aria5762460046-_r_2t_'
2026-06-03 16:56:10 | INFO     | contact_manager |   <input> name='firstName' | type='text' | placeholder='' | id='react-aria5762460046-_r_12_'
2026-06-03 16:56:10 | INFO     | contact_manager |   <input> name='lastName' | type='text' | placeholder='' | id='react-aria5762460046-_r_17_'
2026-06-03 16:56:10 | INFO     | contact_manager |   <input> name='email' | type='email' | placeholder='exemple@domain.com' | id='react-aria5762460046-_r_1c_'
2026-06-03 16:56:10 | INFO     | contact_manager |   <input> name='' | type='text' | placeholder='' | id='react-aria5762460046-_r_1p_'
2026-06-03 16:56:10 | INFO     | contact_manager |   <input> name='' | type='text' | placeholder='' | id='react-aria5762460046-_r_1h_'
2026-06-03 16:56:10 | INFO     | contact_manager |   <input> name='phoneNumber' | type='hidden' | placeholder='' | id=''
2026-06-03 16:56:10 | INFO     | contact_manager |   <input> name='isOwner' | type='checkbox' | placeholder='' | id=''
2026-06-03 16:56:10 | INFO     | contact_manager |   <input> name='newsletterOptout' | type='checkbox' | placeholder='' | id=''
2026-06-03 16:56:15 | INFO     | contact_manager |   <select> name='' | type='select-one' | placeholder='' | id=''
2026-06-03 16:56:15 | INFO     | contact_manager | [DEBUG] Total : 20 champ(s)
2026-06-03 16:56:17 | INFO     | contact_manager | Champ prenom trouve et rempli.
2026-06-03 16:56:19 | INFO     | contact_manager | Champ nom trouve et rempli.
2026-06-03 16:56:24 | INFO     | contact_manager | Champ email trouve et rempli.
2026-06-03 16:56:29 | INFO     | contact_manager | Champ telephone rempli (hidden JS).
2026-06-03 16:56:34 | INFO     | contact_manager | Recherche du lien Ajouter un message...
2026-06-03 16:56:59 | INFO     | contact_manager | Element trouve : div
2026-06-03 16:57:15 | INFO     | contact_manager | Clic Selenium sur 'Ajouter un message'.
2026-06-03 16:57:22 | WARNING  | contact_manager | Textarea introuvable.
2026-06-03 16:57:22 | WARNING  | contact_manager | Bouton 'Ajouter un message' introuvable.
2026-06-03 16:57:43 | WARNING  | contact_manager | Champ message introuvable.
2026-06-03 16:57:43 | INFO     | contact_manager | Simulation — formulaire rempli, envoi non effectue.
2026-06-03 16:57:43 | DEBUG    | excel_manager | Annonce enregistrée dans Excel : 
2026-06-03 16:57:44 | INFO     | main | [2/7] https://www.seloger.com/annonces/achat/appartement/marseille-13/269961269.htm?serp_view=list&search=distributionTypes%3DBuy%26estateTypes%3DApartment%26locations%3DAD08FR4491%26numberOfBedroomsMin%3D2%26numberOfRoomsMin%3D4%26priceMax%3D1000000%26spaceMin%3D80#ln=classified_search_results&m=classified_search_results_classified_classified_detail_XL
2026-06-03 16:57:44 | INFO     | contact_manager | Contact : https://www.seloger.com/annonces/achat/appartement/marseille-13/269961269.htm?serp_view=list&search=distributionTypes%3DBuy%26estateTypes%3DApartment%26locations%3DAD08FR4491%26numberOfBedroomsMin%3D2%26numberOfRoomsMin%3D4%26priceMax%3D1000000%26spaceMin%3D80#ln=classified_search_results&m=classified_search_results_classified_classified_detail_XL
2026-06-03 16:57:50 | INFO     | contact_manager | Bloqueur Usercentrics installe.
2026-06-03 16:58:07 | INFO     | contact_manager | [DEBUG] URL   : https://www.seloger.com/annonces/achat/appartement/marseille-6eme-13/vauban/269961269.htm?search=distributionTypes%3DBuy%26estateTypes%3DApartment%26locations%3DAD08FR4491%26numberOfBedroomsMin%3D2%26numberOfRoomsMin%3D4%26priceMax%3D1000000%26spaceMin%3D80&serp_view=list#ln=classified_search_results&m=classified_search_results_classified_classified_detail_XL
2026-06-03 16:58:07 | INFO     | contact_manager | [DEBUG] Titre : Appartement à vendre T4/F4 108 m² 399000 € Vauban Marseille (13006)
2026-06-03 16:58:13 | INFO     | contact_manager | [DEBUG] 1 bouton(s) de contact :
2026-06-03 16:58:13 | INFO     | contact_manager |   texte='Contacter l'agence'
2026-06-03 16:58:29 | INFO     | contact_manager | Clic bouton contact effectue.
2026-06-03 16:58:29 | INFO     | contact_manager | Formulaire contact apparu.
2026-06-03 16:58:29 | INFO     | contact_manager | [DEBUG] Inventaire champs :
2026-06-03 16:58:30 | INFO     | contact_manager |   <input> name='' | type='text' | placeholder='' | id='react-aria4146108035-_r_k_'
2026-06-03 16:58:30 | INFO     | contact_manager |   <input> name='' | type='text' | placeholder='' | id='react-aria4146108035-_r_p_'
2026-06-03 16:58:30 | INFO     | contact_manager |   <input> name='firstName' | type='text' | placeholder='' | id='react-aria4146108035-_r_1d_'
2026-06-03 16:58:30 | INFO     | contact_manager |   <input> name='lastName' | type='text' | placeholder='' | id='react-aria4146108035-_r_1i_'
2026-06-03 16:58:30 | INFO     | contact_manager |   <input> name='email' | type='email' | placeholder='exemple@domain.com' | id='react-aria4146108035-_r_1n_'
2026-06-03 16:58:30 | INFO     | contact_manager |   <input> name='' | type='text' | placeholder='' | id='react-aria4146108035-_r_24_'
2026-06-03 16:58:30 | INFO     | contact_manager |   <input> name='' | type='text' | placeholder='' | id='react-aria4146108035-_r_1s_'
2026-06-03 16:58:30 | INFO     | contact_manager |   <input> name='phoneNumber' | type='hidden' | placeholder='' | id=''
2026-06-03 16:58:30 | INFO     | contact_manager |   <input> name='isOwner' | type='checkbox' | placeholder='' | id=''
2026-06-03 16:58:30 | INFO     | contact_manager |   <input> name='newsletterOptout' | type='checkbox' | placeholder='' | id=''
2026-06-03 16:58:30 | INFO     | contact_manager |   <input> name='address' | type='text' | placeholder='Ex : 2 rue des italiens, 75009 Paris' | id='react-aria4146108035-_r_4m_'
2026-06-03 16:58:30 | INFO     | contact_manager |   <input> name='firstName' | type='text' | placeholder='' | id='react-aria4146108035-_r_31_'
2026-06-03 16:58:30 | INFO     | contact_manager |   <input> name='lastName' | type='text' | placeholder='' | id='react-aria4146108035-_r_36_'
2026-06-03 16:58:30 | INFO     | contact_manager |   <input> name='email' | type='email' | placeholder='exemple@domain.com' | id='react-aria4146108035-_r_3b_'
2026-06-03 16:58:30 | INFO     | contact_manager |   <input> name='' | type='text' | placeholder='' | id='react-aria4146108035-_r_3o_'
2026-06-03 16:58:30 | INFO     | contact_manager |   <input> name='' | type='text' | placeholder='' | id='react-aria4146108035-_r_3g_'
2026-06-03 16:58:30 | INFO     | contact_manager |   <input> name='phoneNumber' | type='hidden' | placeholder='' | id=''
2026-06-03 16:58:30 | INFO     | contact_manager |   <input> name='isOwner' | type='checkbox' | placeholder='' | id=''
2026-06-03 16:58:30 | INFO     | contact_manager |   <input> name='newsletterOptout' | type='checkbox' | placeholder='' | id=''
2026-06-03 16:58:36 | INFO     | contact_manager |   <select> name='' | type='select-one' | placeholder='' | id=''
2026-06-03 16:58:36 | INFO     | contact_manager | [DEBUG] Total : 20 champ(s)
2026-06-03 16:58:37 | INFO     | contact_manager | Champ prenom trouve et rempli.
2026-06-03 16:58:38 | INFO     | contact_manager | Champ nom trouve et rempli.
2026-06-03 16:58:44 | INFO     | contact_manager | Champ email trouve et rempli.
2026-06-03 16:58:49 | INFO     | contact_manager | Champ telephone rempli (hidden JS).
2026-06-03 16:58:54 | INFO     | contact_manager | Recherche du lien Ajouter un message...
2026-06-03 16:59:19 | INFO     | contact_manager | Element trouve : div
2026-06-03 16:59:36 | INFO     | contact_manager | Clic Selenium sur 'Ajouter un message'.
2026-06-03 16:59:41 | WARNING  | contact_manager | Textarea introuvable.
2026-06-03 16:59:41 | WARNING  | contact_manager | Bouton 'Ajouter un message' introuvable.
2026-06-03 17:02:33 | INFO     | main | ============================================================
2026-06-03 17:02:33 | INFO     | main | Démarrage du bot SeLoger
2026-06-03 17:02:33 | INFO     | main | Critères : Marseille | achat | appartement | <=1000000EUR | >=80m2 | >=4p | >=2ch
2026-06-03 17:02:33 | INFO     | main | Messages a envoyer : 10
2026-06-03 17:02:33 | INFO     | main | ============================================================
2026-06-03 17:02:33 | DEBUG    | excel_manager | Fichier Excel existant chargé : C:\Users\tepep\Bureau\bot_agence_immo\data\annonces_contactees.xlsx
2026-06-03 17:02:33 | DEBUG    | excel_manager | 17 lien(s) déjà enregistré(s).
2026-06-03 17:02:33 | INFO     | main | 17 annonce(s) deja contactee(s) en base.
2026-06-03 17:02:33 | INFO     | scraper | Démarrage de Chrome (headless, sans images)...
2026-06-03 17:02:39 | INFO     | scraper | Chrome démarré avec succès.
2026-06-03 17:02:39 | INFO     | city_resolver | Résolution du code SeLoger pour : 'Marseille'
2026-06-03 17:03:07 | INFO     | city_resolver | Recherche du champ ville...
2026-06-03 17:03:07 | INFO     | city_resolver | Champ trouvé avec le sélecteur : input[placeholder='Saisir le lieu ou le code postal']
2026-06-03 17:03:46 | INFO     | city_resolver | Aucun code dans les suggestions — soumission du formulaire...
2026-06-03 17:03:52 | INFO     | city_resolver | Code extrait depuis l'URL : AD08FR4491
2026-06-03 17:03:52 | INFO     | url_builder | URL generee : https://www.seloger.com/classified-search?distributionTypes=Buy&estateTypes=Apartment&locations=AD08FR4491&priceMax=1000000&spaceMin=80&numberOfRoomsMin=4&numberOfBedroomsMin=2
2026-06-03 17:03:52 | INFO     | main | Temps recherche : 73.4s
2026-06-03 17:03:52 | INFO     | scraper | URL générée : https://www.seloger.com/classified-search?distributionTypes=Buy&estateTypes=Apartment&locations=AD08FR4491&priceMax=1000000&spaceMin=80&numberOfRoomsMin=4&numberOfBedroomsMin=2
2026-06-03 17:04:23 | INFO     | scraper | Collecte des liens — page 1...
2026-06-03 17:04:23 | INFO     | scraper | Page 1 : 21 lien(s) trouvé(s).
2026-06-03 17:04:23 | INFO     | scraper |   -> https://www.seloger.com/annonces/achat/appartement/marseille-13/270647835.htm?serp_view=list&search=distributionTypes%3DBuy%26estateTypes%3DApartment%26locations%3DAD08FR4491%26numberOfBedroomsMin%3D2%26numberOfRoomsMin%3D4%26priceMax%3D1000000%26spaceMin%3D80#ln=classified_search_results&m=classified_search_results_classified_classified_detail_XL
2026-06-03 17:04:23 | INFO     | scraper |   -> https://www.seloger.com/annonces/achat/appartement/marseille-9eme-13/269581521.htm?serp_view=list&search=distributionTypes%3DBuy%26estateTypes%3DApartment%26locations%3DAD08FR4491%26numberOfBedroomsMin%3D2%26numberOfRoomsMin%3D4%26priceMax%3D1000000%26spaceMin%3D80#ln=classified_search_results&m=classified_search_results_classified_classified_detail_XL
2026-06-03 17:04:23 | INFO     | scraper |   -> https://www.seloger.com/annonces/achat/appartement/marseille-6eme-13/palais-de-justice/270216291.htm?serp_view=list&search=distributionTypes%3DBuy%26estateTypes%3DApartment%26locations%3DAD08FR4491%26numberOfBedroomsMin%3D2%26numberOfRoomsMin%3D4%26priceMax%3D1000000%26spaceMin%3D80#ln=classified_search_results&m=classified_search_results_classified_classified_detail_XL
2026-06-03 17:04:50 | INFO     | scraper | Total liens collectés : 21
2026-06-03 17:04:50 | INFO     | main | Temps recuperation annonces : 57.6s
2026-06-03 17:04:50 | INFO     | main | Annonces trouvees : 21
2026-06-03 17:04:50 | INFO     | main | 6 nouveaux lien(s) a analyser (15 doublon(s) ignores).
2026-06-03 17:04:50 | INFO     | main | Limite appliquee : 6 annonce(s).
2026-06-03 17:04:50 | INFO     | fetcher | Extraction de 6 fiche(s) — 6 workers parallèles.
2026-06-03 17:04:55 | INFO     | fetcher |   OK : '' |  |  | 
2026-06-03 17:04:55 | INFO     | fetcher |   OK : '' |  |  | 
2026-06-03 17:04:55 | INFO     | fetcher |   OK : '' |  |  | 
2026-06-03 17:04:55 | INFO     | fetcher |   OK : '' |  |  | 
2026-06-03 17:04:56 | INFO     | fetcher |   OK : '' |  |  | 
2026-06-03 17:04:56 | INFO     | fetcher |   OK : '' |  |  | 
2026-06-03 17:04:56 | INFO     | fetcher | Extraction terminée : 6/6 réussies.
2026-06-03 17:04:56 | INFO     | main | Temps extraction : 6.0s
2026-06-03 17:04:56 | INFO     | main | Annonces analysees : 6
2026-06-03 17:04:56 | INFO     | main | [1/6] https://www.seloger.com/annonces/achat/appartement/marseille-13/270618517.htm?serp_view=list&search=distributionTypes%3DBuy%26estateTypes%3DApartment%26locations%3DAD08FR4491%26numberOfBedroomsMin%3D2%26numberOfRoomsMin%3D4%26priceMax%3D1000000%26spaceMin%3D80#ln=classified_search_results&m=classified_search_results_classified_classified_detail_XL
2026-06-03 17:04:56 | INFO     | contact_manager | Contact : https://www.seloger.com/annonces/achat/appartement/marseille-13/270618517.htm?serp_view=list&search=distributionTypes%3DBuy%26estateTypes%3DApartment%26locations%3DAD08FR4491%26numberOfBedroomsMin%3D2%26numberOfRoomsMin%3D4%26priceMax%3D1000000%26spaceMin%3D80#ln=classified_search_results&m=classified_search_results_classified_classified_detail_XL
2026-06-03 17:05:01 | INFO     | contact_manager | Bloqueur Usercentrics installe.
2026-06-03 17:05:18 | INFO     | contact_manager | [DEBUG] URL   : https://www.seloger.com/annonces/achat/appartement/marseille-12eme-13/la-fourragere/270618517.htm?search=distributionTypes%3DBuy%26estateTypes%3DApartment%26locations%3DAD08FR4491%26numberOfBedroomsMin%3D2%26numberOfRoomsMin%3D4%26priceMax%3D1000000%26spaceMin%3D80&serp_view=list#ln=classified_search_results&m=classified_search_results_classified_classified_detail_XL
2026-06-03 17:05:18 | INFO     | contact_manager | [DEBUG] Titre : Appartement à vendre T4/F4 93 m² 245000 € La Fourragère Marseille (13012)
2026-06-03 17:05:24 | INFO     | contact_manager | [DEBUG] 1 bouton(s) de contact :
2026-06-03 17:05:24 | INFO     | contact_manager |   texte='Contacter l'agence'
2026-06-03 17:05:40 | INFO     | contact_manager | Clic bouton contact effectue.
2026-06-03 17:05:40 | INFO     | contact_manager | Formulaire contact apparu.
2026-06-03 17:05:40 | INFO     | contact_manager | [DEBUG] Inventaire champs :
2026-06-03 17:05:41 | INFO     | contact_manager |   <input> name='' | type='text' | placeholder='' | id='react-aria-_R_6aplehaecqkm_'
2026-06-03 17:05:41 | INFO     | contact_manager |   <input> name='' | type='text' | placeholder='' | id='react-aria-_R_6qplehaecqkm_'
2026-06-03 17:05:41 | INFO     | contact_manager |   <input> name='firstName' | type='text' | placeholder='' | id='react-aria-_R_18pmhaecqkm_'
2026-06-03 17:05:41 | INFO     | contact_manager |   <input> name='lastName' | type='text' | placeholder='' | id='react-aria-_R_28pmhaecqkm_'
2026-06-03 17:05:41 | INFO     | contact_manager |   <input> name='email' | type='email' | placeholder='exemple@domain.com' | id='react-aria-_R_cpmhaecqkm_'
2026-06-03 17:05:41 | INFO     | contact_manager |   <input> name='' | type='text' | placeholder='' | id='react-aria5097679533-_r_l_'
2026-06-03 17:05:41 | INFO     | contact_manager |   <input> name='' | type='text' | placeholder='' | id='react-aria-_R_gpmhaecqkm_'
2026-06-03 17:05:41 | INFO     | contact_manager |   <input> name='phoneNumber' | type='hidden' | placeholder='' | id=''
2026-06-03 17:05:41 | INFO     | contact_manager |   <input> name='isOwner' | type='checkbox' | placeholder='' | id=''
2026-06-03 17:05:41 | INFO     | contact_manager |   <input> name='newsletterOptout' | type='checkbox' | placeholder='' | id=''
2026-06-03 17:05:41 | INFO     | contact_manager |   <input> name='address' | type='text' | placeholder='Ex : 2 rue des italiens, 75009 Paris' | id='react-aria5097679533-_r_2t_'
2026-06-03 17:05:41 | INFO     | contact_manager |   <input> name='firstName' | type='text' | placeholder='' | id='react-aria5097679533-_r_12_'
2026-06-03 17:05:41 | INFO     | contact_manager |   <input> name='lastName' | type='text' | placeholder='' | id='react-aria5097679533-_r_17_'
2026-06-03 17:05:41 | INFO     | contact_manager |   <input> name='email' | type='email' | placeholder='exemple@domain.com' | id='react-aria5097679533-_r_1c_'
2026-06-03 17:05:41 | INFO     | contact_manager |   <input> name='' | type='text' | placeholder='' | id='react-aria5097679533-_r_1p_'
2026-06-03 17:05:41 | INFO     | contact_manager |   <input> name='' | type='text' | placeholder='' | id='react-aria5097679533-_r_1h_'
2026-06-03 17:05:41 | INFO     | contact_manager |   <input> name='phoneNumber' | type='hidden' | placeholder='' | id=''
2026-06-03 17:05:41 | INFO     | contact_manager |   <input> name='isOwner' | type='checkbox' | placeholder='' | id=''
2026-06-03 17:05:41 | INFO     | contact_manager |   <input> name='newsletterOptout' | type='checkbox' | placeholder='' | id=''
2026-06-03 17:05:47 | INFO     | contact_manager |   <select> name='' | type='select-one' | placeholder='' | id=''
2026-06-03 17:05:47 | INFO     | contact_manager | [DEBUG] Total : 20 champ(s)
2026-06-03 17:05:48 | INFO     | contact_manager | Champ prenom trouve et rempli.
2026-06-03 17:05:50 | INFO     | contact_manager | Champ nom trouve et rempli.
2026-06-03 17:05:54 | INFO     | contact_manager | Champ email trouve et rempli.
2026-06-03 17:05:59 | INFO     | contact_manager | Champ telephone rempli (hidden JS).
2026-06-03 17:06:04 | INFO     | contact_manager | Recherche du lien Ajouter un message...
2026-06-03 17:06:04 | INFO     | contact_manager | Lien Ajouter un message trouve (tag=div)
2026-06-03 17:06:20 | INFO     | contact_manager | Clic effectue
2026-06-03 17:06:20 | INFO     | contact_manager | Textarea detecte
2026-06-03 17:06:22 | INFO     | contact_manager | Champ message rempli.
2026-06-03 17:06:22 | INFO     | contact_manager | Simulation — formulaire rempli, envoi non effectue.
2026-06-03 17:06:22 | DEBUG    | excel_manager | Annonce enregistrée dans Excel : 
2026-06-03 17:06:22 | INFO     | main | [2/6] https://www.seloger.com/annonces/achat/appartement/marseille-6eme-13/palais-de-justice/268468443.htm?serp_view=list&search=distributionTypes%3DBuy%26estateTypes%3DApartment%26locations%3DAD08FR4491%26numberOfBedroomsMin%3D2%26numberOfRoomsMin%3D4%26priceMax%3D1000000%26spaceMin%3D80#ln=classified_search_results&m=classified_search_results_classified_classified_detail_XL
2026-06-03 17:06:22 | INFO     | contact_manager | Contact : https://www.seloger.com/annonces/achat/appartement/marseille-6eme-13/palais-de-justice/268468443.htm?serp_view=list&search=distributionTypes%3DBuy%26estateTypes%3DApartment%26locations%3DAD08FR4491%26numberOfBedroomsMin%3D2%26numberOfRoomsMin%3D4%26priceMax%3D1000000%26spaceMin%3D80#ln=classified_search_results&m=classified_search_results_classified_classified_detail_XL
2026-06-03 17:06:26 | INFO     | contact_manager | Bloqueur Usercentrics installe.
2026-06-03 17:11:27 | INFO     | main | ============================================================
2026-06-03 17:11:27 | INFO     | main | Démarrage du bot SeLoger
2026-06-03 17:11:27 | INFO     | main | Critères : Marseille | location | appartement | <=1000000EUR | >=80m2 | >=4p | >=2ch
2026-06-03 17:11:27 | INFO     | main | Messages a envoyer : 10
2026-06-03 17:11:27 | INFO     | main | ============================================================
2026-06-03 17:11:27 | DEBUG    | excel_manager | Fichier Excel existant chargé : C:\Users\tepep\Bureau\bot_agence_immo\data\annonces_contactees.xlsx
2026-06-03 17:11:27 | DEBUG    | excel_manager | 18 lien(s) déjà enregistré(s).
2026-06-03 17:11:27 | INFO     | main | 18 annonce(s) deja contactee(s) en base.
2026-06-03 17:11:27 | INFO     | scraper | Démarrage de Chrome (headless, sans images)...
2026-06-03 17:11:33 | INFO     | scraper | Chrome démarré avec succès.
2026-06-03 17:11:33 | INFO     | city_resolver | Résolution du code SeLoger pour : 'Marseille'
2026-06-03 17:12:02 | INFO     | city_resolver | Recherche du champ ville...
2026-06-03 17:12:02 | INFO     | city_resolver | Champ trouvé avec le sélecteur : input[placeholder='Saisir le lieu ou le code postal']
2026-06-03 17:12:41 | INFO     | city_resolver | Aucun code dans les suggestions — soumission du formulaire...
2026-06-03 17:12:49 | INFO     | city_resolver | Code extrait depuis l'URL : AD08FR4491
2026-06-03 17:12:49 | INFO     | url_builder | URL generee : https://www.seloger.com/classified-search?distributionTypes=Rent&estateTypes=Apartment&locations=AD08FR4491&priceMax=1000000&spaceMin=80&numberOfRoomsMin=4&numberOfBedroomsMin=2
2026-06-03 17:12:49 | INFO     | main | Temps recherche : 75.9s
2026-06-03 17:12:49 | INFO     | scraper | URL générée : https://www.seloger.com/classified-search?distributionTypes=Rent&estateTypes=Apartment&locations=AD08FR4491&priceMax=1000000&spaceMin=80&numberOfRoomsMin=4&numberOfBedroomsMin=2
2026-06-03 17:13:21 | INFO     | scraper | Collecte des liens — page 1...
2026-06-03 17:13:23 | INFO     | scraper | Page 1 : 28 lien(s) trouvé(s).
2026-06-03 17:13:23 | INFO     | scraper |   -> https://www.seloger.com/annonces/locations/appartement/marseille-9eme-13/le-cabot/268961525.htm?serp_view=list&search=distributionTypes%3DRent%26estateTypes%3DApartment%26locations%3DAD08FR4491%26numberOfBedroomsMin%3D2%26numberOfRoomsMin%3D4%26priceMax%3D1000000%26spaceMin%3D80#ln=classified_search_results&m=classified_search_results_classified_classified_detail_XL
2026-06-03 17:13:23 | INFO     | scraper |   -> https://www.seloger.com/annonces/locations/appartement/marseille-13/268728697.htm?serp_view=list&search=distributionTypes%3DRent%26estateTypes%3DApartment%26locations%3DAD08FR4491%26numberOfBedroomsMin%3D2%26numberOfRoomsMin%3D4%26priceMax%3D1000000%26spaceMin%3D80#ln=classified_search_results&m=classified_search_results_classified_classified_detail_XL
2026-06-03 17:13:23 | INFO     | scraper |   -> https://www.seloger.com/annonces/locations/appartement/marseille-8eme-13/saint-giniez/266464753.htm?serp_view=list&search=distributionTypes%3DRent%26estateTypes%3DApartment%26locations%3DAD08FR4491%26numberOfBedroomsMin%3D2%26numberOfRoomsMin%3D4%26priceMax%3D1000000%26spaceMin%3D80#ln=classified_search_results&m=classified_search_results_classified_classified_detail_L
2026-06-03 17:13:49 | INFO     | scraper | Total liens collectés : 28
2026-06-03 17:13:49 | INFO     | main | Temps recuperation annonces : 59.8s
2026-06-03 17:13:49 | INFO     | main | Annonces trouvees : 28
2026-06-03 17:13:49 | INFO     | main | 28 nouveaux lien(s) a analyser (0 doublon(s) ignores).
2026-06-03 17:13:49 | INFO     | main | Limite appliquee : 10 annonce(s).
2026-06-03 17:13:49 | INFO     | fetcher | Extraction de 10 fiche(s) — 6 workers parallèles.
2026-06-03 17:13:54 | INFO     | fetcher |   OK : '' |  |  | 
2026-06-03 17:13:54 | INFO     | fetcher |   OK : '' |  |  | 
2026-06-03 17:13:54 | INFO     | fetcher |   OK : '' |  |  | 
2026-06-03 17:13:54 | INFO     | fetcher |   OK : '' |  |  | 
2026-06-03 17:13:54 | INFO     | fetcher |   OK : '' |  |  | 
2026-06-03 17:13:54 | INFO     | fetcher |   OK : '' |  |  | 
2026-06-03 17:13:55 | INFO     | fetcher |   OK : '' |  |  | 
2026-06-03 17:13:55 | INFO     | fetcher |   OK : '' |  |  | 
2026-06-03 17:13:55 | INFO     | fetcher |   OK : '' |  |  | 
2026-06-03 17:13:55 | INFO     | fetcher |   OK : '' |  |  | 
2026-06-03 17:13:55 | INFO     | fetcher | Extraction terminée : 10/10 réussies.
2026-06-03 17:13:55 | INFO     | main | Temps extraction : 6.8s
2026-06-03 17:13:55 | INFO     | main | Annonces analysees : 10
2026-06-03 17:13:55 | INFO     | main | [1/10] https://www.seloger.com/annonces/locations/appartement/marseille-10eme-13/saint-tronc/269270049.htm?serp_view=list&search=distributionTypes%3DRent%26estateTypes%3DApartment%26locations%3DAD08FR4491%26numberOfBedroomsMin%3D2%26numberOfRoomsMin%3D4%26priceMax%3D1000000%26spaceMin%3D80#ln=classified_search_results&m=classified_search_results_classified_classified_detail_L
2026-06-03 17:13:55 | INFO     | contact_manager | Contact : https://www.seloger.com/annonces/locations/appartement/marseille-10eme-13/saint-tronc/269270049.htm?serp_view=list&search=distributionTypes%3DRent%26estateTypes%3DApartment%26locations%3DAD08FR4491%26numberOfBedroomsMin%3D2%26numberOfRoomsMin%3D4%26priceMax%3D1000000%26spaceMin%3D80#ln=classified_search_results&m=classified_search_results_classified_classified_detail_L
2026-06-03 17:14:00 | INFO     | contact_manager | Bloqueur Usercentrics installe.
2026-06-03 17:14:17 | INFO     | contact_manager | Annonce enrichie : 'SeLoger' | prix= | surface= | pieces= | ville=
2026-06-03 17:14:17 | INFO     | contact_manager | [DEBUG] URL   : https://www.seloger.com/annonces/locations/appartement/marseille-10eme-13/saint-tronc/269270049.htm?serp_view=list&search=distributionTypes%3DRent%26estateTypes%3DApartment%26locations%3DAD08FR4491%26numberOfBedroomsMin%3D2%26numberOfRoomsMin%3D4%26priceMax%3D1000000%26spaceMin%3D80#ln=classified_search_results&m=classified_search_results_classified_classified_detail_L
2026-06-03 17:14:17 | INFO     | contact_manager | [DEBUG] Titre : Appartement à louer T4/F4 81 m² 1300 € Saint Tronc Marseille (13010)
2026-06-03 17:14:27 | WARNING  | contact_manager | Aucun bouton de contact trouve.
2026-06-03 17:14:27 | INFO     | contact_manager | [DEBUG] Inventaire champs :
2026-06-03 17:14:27 | INFO     | contact_manager |   <input> name='firstName' | type='text' | placeholder='' | id='react-aria6295236799-_r_p_'
2026-06-03 17:14:27 | INFO     | contact_manager |   <input> name='lastName' | type='text' | placeholder='' | id='react-aria6295236799-_r_u_'
2026-06-03 17:14:27 | INFO     | contact_manager |   <input> name='email' | type='email' | placeholder='exemple@domain.com' | id='react-aria6295236799-_r_13_'
2026-06-03 17:14:27 | INFO     | contact_manager |   <input> name='' | type='text' | placeholder='' | id='react-aria6295236799-_r_1g_'
2026-06-03 17:14:27 | INFO     | contact_manager |   <input> name='' | type='text' | placeholder='' | id='react-aria6295236799-_r_18_'
2026-06-03 17:14:27 | INFO     | contact_manager |   <input> name='phoneNumber' | type='hidden' | placeholder='' | id=''
2026-06-03 17:14:27 | INFO     | contact_manager |   <input> name='newsletterOptout' | type='checkbox' | placeholder='' | id=''
2026-06-03 17:14:27 | INFO     | contact_manager |   <input> name='firstName' | type='text' | placeholder='' | id='react-aria6295236799-_r_2c_'
2026-06-03 17:14:27 | INFO     | contact_manager |   <input> name='lastName' | type='text' | placeholder='' | id='react-aria6295236799-_r_2h_'
2026-06-03 17:14:27 | INFO     | contact_manager |   <input> name='email' | type='email' | placeholder='exemple@domain.com' | id='react-aria6295236799-_r_2m_'
2026-06-03 17:14:27 | INFO     | contact_manager |   <input> name='' | type='text' | placeholder='' | id='react-aria6295236799-_r_33_'
2026-06-03 17:14:27 | INFO     | contact_manager |   <input> name='' | type='text' | placeholder='' | id='react-aria6295236799-_r_2r_'
2026-06-03 17:14:27 | INFO     | contact_manager |   <input> name='phoneNumber' | type='hidden' | placeholder='' | id=''
2026-06-03 17:14:27 | INFO     | contact_manager |   <input> name='newsletterOptout' | type='checkbox' | placeholder='' | id=''
2026-06-03 17:14:28 | INFO     | contact_manager |   <textarea> name='message' | type='textarea' | placeholder='' | id='react-aria6295236799-_r_k_'
2026-06-03 17:14:28 | INFO     | contact_manager |   <textarea> name='message' | type='textarea' | placeholder='' | id='react-aria6295236799-_r_27_'
2026-06-03 17:14:33 | INFO     | contact_manager | [DEBUG] Total : 16 champ(s)
2026-06-03 17:14:34 | INFO     | contact_manager | Champ prenom trouve et rempli.
2026-06-03 17:14:35 | INFO     | contact_manager | Champ nom trouve et rempli.
2026-06-03 17:14:39 | INFO     | contact_manager | Champ email trouve et rempli.
2026-06-03 17:14:44 | INFO     | contact_manager | Champ telephone rempli (hidden JS).
2026-06-03 17:14:44 | INFO     | contact_manager | Recherche du lien Ajouter un message...
2026-06-03 17:15:10 | WARNING  | contact_manager | Lien 'Ajouter un message' introuvable.
2026-06-03 17:15:10 | INFO     | contact_manager | [DEBUG] Divs contenant 'message' :
2026-06-03 17:15:10 | INFO     | contact_manager |   tag=div | texte='' | class='css-1roawh0'
2026-06-03 17:15:10 | INFO     | contact_manager |   tag=div | texte='En ajoutant un message personnalisé, vous avez plus de chances d'obtenir une rép' | class='css-1roawh0'
2026-06-03 17:15:10 | WARNING  | contact_manager | Bouton 'Ajouter un message' introuvable.
2026-06-03 17:15:31 | WARNING  | contact_manager | Champ message introuvable.
2026-06-03 17:15:31 | INFO     | contact_manager | Simulation — formulaire rempli, envoi non effectue.
2026-06-03 17:15:31 | ERROR    | excel_manager | Impossible d'enregistrer dans Excel : [Errno 13] Permission denied: 'C:\\Users\\tepep\\Bureau\\bot_agence_immo\\data\\annonces_contactees.xlsx'
2026-06-03 17:15:32 | INFO     | main | [2/10] https://www.seloger.com/annonces/locations/appartement/marseille-8eme-13/sainte-anne/26G728EAKT7J.htm?serp_view=list&search=distributionTypes%3DRent%26estateTypes%3DApartment%26locations%3DAD08FR4491%26numberOfBedroomsMin%3D2%26numberOfRoomsMin%3D4%26priceMax%3D1000000%26spaceMin%3D80#ln=classified_search_results&m=classified_search_results_classified_classified_detail_M
2026-06-03 17:15:32 | INFO     | contact_manager | Contact : https://www.seloger.com/annonces/locations/appartement/marseille-8eme-13/sainte-anne/26G728EAKT7J.htm?serp_view=list&search=distributionTypes%3DRent%26estateTypes%3DApartment%26locations%3DAD08FR4491%26numberOfBedroomsMin%3D2%26numberOfRoomsMin%3D4%26priceMax%3D1000000%26spaceMin%3D80#ln=classified_search_results&m=classified_search_results_classified_classified_detail_M
2026-06-03 17:15:36 | INFO     | contact_manager | Bloqueur Usercentrics installe.
2026-06-03 17:15:53 | INFO     | contact_manager | Annonce enrichie : 'SeLoger' | prix= | surface= | pieces= | ville=
2026-06-03 17:15:53 | INFO     | contact_manager | [DEBUG] URL   : https://www.seloger.com/annonces/locations/appartement/marseille-8eme-13/sainte-anne/26G728EAKT7J.htm?serp_view=list&search=distributionTypes%3DRent%26estateTypes%3DApartment%26locations%3DAD08FR4491%26numberOfBedroomsMin%3D2%26numberOfRoomsMin%3D4%26priceMax%3D1000000%26spaceMin%3D80#ln=classified_search_results&m=classified_search_results_classified_classified_detail_M
2026-06-03 17:15:53 | INFO     | contact_manager | [DEBUG] Titre : Appartement à louer T4/F4 100 m² 1750 € Sainte Anne Marseille (13008)
2026-06-03 17:16:03 | WARNING  | contact_manager | Aucun bouton de contact trouve.
2026-06-03 17:16:03 | INFO     | contact_manager | [DEBUG] Inventaire champs :
2026-06-03 17:16:03 | INFO     | contact_manager |   <input> name='firstName' | type='text' | placeholder='' | id='react-aria-_R_18pmhaecqkm_'
2026-06-03 17:16:03 | INFO     | contact_manager |   <input> name='lastName' | type='text' | placeholder='' | id='react-aria-_R_28pmhaecqkm_'
2026-06-03 17:16:03 | INFO     | contact_manager |   <input> name='email' | type='email' | placeholder='exemple@domain.com' | id='react-aria-_R_cpmhaecqkm_'
2026-06-03 17:16:03 | INFO     | contact_manager |   <input> name='' | type='text' | placeholder='' | id='react-aria2303523676-_r_4_'
2026-06-03 17:16:03 | INFO     | contact_manager |   <input> name='' | type='text' | placeholder='' | id='react-aria-_R_gpmhaecqkm_'
2026-06-03 17:16:03 | INFO     | contact_manager |   <input> name='phoneNumber' | type='hidden' | placeholder='' | id=''
2026-06-03 17:16:03 | INFO     | contact_manager |   <input> name='newsletterOptout' | type='checkbox' | placeholder='' | id=''
2026-06-03 17:16:04 | INFO     | contact_manager |   <input> name='firstName' | type='text' | placeholder='' | id='react-aria2303523676-_r_m_'
2026-06-03 17:16:04 | INFO     | contact_manager |   <input> name='lastName' | type='text' | placeholder='' | id='react-aria2303523676-_r_r_'
2026-06-03 17:16:04 | INFO     | contact_manager |   <input> name='email' | type='email' | placeholder='exemple@domain.com' | id='react-aria2303523676-_r_10_'
2026-06-03 17:16:04 | INFO     | contact_manager |   <input> name='' | type='text' | placeholder='' | id='react-aria2303523676-_r_1d_'
2026-06-03 17:16:04 | INFO     | contact_manager |   <input> name='' | type='text' | placeholder='' | id='react-aria2303523676-_r_15_'
2026-06-03 17:16:04 | INFO     | contact_manager |   <input> name='phoneNumber' | type='hidden' | placeholder='' | id=''
2026-06-03 17:16:04 | INFO     | contact_manager |   <input> name='newsletterOptout' | type='checkbox' | placeholder='' | id=''
2026-06-03 17:16:04 | INFO     | contact_manager |   <textarea> name='message' | type='textarea' | placeholder='' | id='react-aria-_R_54pmhaecqkm_'
2026-06-03 17:16:04 | INFO     | contact_manager |   <textarea> name='message' | type='textarea' | placeholder='' | id='react-aria2303523676-_r_h_'
2026-06-03 17:16:09 | INFO     | contact_manager | [DEBUG] Total : 16 champ(s)
2026-06-03 17:16:11 | INFO     | contact_manager | Champ prenom trouve et rempli.
2026-06-03 17:16:12 | INFO     | contact_manager | Champ nom trouve et rempli.
2026-06-03 17:16:16 | INFO     | contact_manager | Champ email trouve et rempli.
2026-06-03 17:16:22 | INFO     | contact_manager | Champ telephone rempli (hidden JS).
2026-06-03 17:16:22 | INFO     | contact_manager | Recherche du lien Ajouter un message...
2026-06-03 17:16:47 | WARNING  | contact_manager | Lien 'Ajouter un message' introuvable.
2026-06-03 17:16:47 | INFO     | contact_manager | [DEBUG] Divs contenant 'message' :
2026-06-03 17:16:47 | INFO     | contact_manager |   tag=div | texte='' | class='css-1roawh0'
2026-06-03 17:16:47 | INFO     | contact_manager |   tag=div | texte='En ajoutant un message personnalisé, vous avez plus de chances d'obtenir une rép' | class='css-1roawh0'
2026-06-03 17:16:47 | WARNING  | contact_manager | Bouton 'Ajouter un message' introuvable.
2026-06-03 17:17:08 | WARNING  | contact_manager | Champ message introuvable.
2026-06-03 17:17:08 | INFO     | contact_manager | Simulation — formulaire rempli, envoi non effectue.
2026-06-03 17:17:08 | ERROR    | excel_manager | Impossible d'enregistrer dans Excel : [Errno 13] Permission denied: 'C:\\Users\\tepep\\Bureau\\bot_agence_immo\\data\\annonces_contactees.xlsx'
2026-06-03 17:17:10 | INFO     | main | [3/10] https://www.seloger.com/annonces/locations/appartement/marseille-9eme-13/le-cabot/268961525.htm?serp_view=list&search=distributionTypes%3DRent%26estateTypes%3DApartment%26locations%3DAD08FR4491%26numberOfBedroomsMin%3D2%26numberOfRoomsMin%3D4%26priceMax%3D1000000%26spaceMin%3D80#ln=classified_search_results&m=classified_search_results_classified_classified_detail_XL
2026-06-03 17:17:10 | INFO     | contact_manager | Contact : https://www.seloger.com/annonces/locations/appartement/marseille-9eme-13/le-cabot/268961525.htm?serp_view=list&search=distributionTypes%3DRent%26estateTypes%3DApartment%26locations%3DAD08FR4491%26numberOfBedroomsMin%3D2%26numberOfRoomsMin%3D4%26priceMax%3D1000000%26spaceMin%3D80#ln=classified_search_results&m=classified_search_results_classified_classified_detail_XL
2026-06-03 17:17:13 | INFO     | contact_manager | Bloqueur Usercentrics installe.
2026-06-03 17:17:30 | INFO     | contact_manager | Annonce enrichie : 'SeLoger' | prix= | surface= | pieces= | ville=
2026-06-03 17:17:30 | INFO     | contact_manager | [DEBUG] URL   : https://www.seloger.com/annonces/locations/appartement/marseille-9eme-13/le-cabot/268961525.htm?serp_view=list&search=distributionTypes%3DRent%26estateTypes%3DApartment%26locations%3DAD08FR4491%26numberOfBedroomsMin%3D2%26numberOfRoomsMin%3D4%26priceMax%3D1000000%26spaceMin%3D80#ln=classified_search_results&m=classified_search_results_classified_classified_detail_XL
2026-06-03 17:17:30 | INFO     | contact_manager | [DEBUG] Titre : Appartement à louer T4/F4 105 m² 2690 € Le Cabot Marseille (13009)
2026-06-03 17:17:45 | INFO     | contact_manager | [DEBUG] 1 bouton(s) de contact :
2026-06-03 17:17:46 | INFO     | contact_manager |   texte='Contacter l'agence'
2026-06-03 17:18:02 | INFO     | contact_manager | Clic bouton contact effectue.
2026-06-03 17:18:02 | INFO     | contact_manager | Formulaire contact apparu.
2026-06-03 17:18:02 | INFO     | contact_manager | [DEBUG] Inventaire champs :
2026-06-03 17:18:02 | INFO     | contact_manager |   <input> name='firstName' | type='text' | placeholder='' | id='react-aria-_R_18pmhaecqkm_'
2026-06-03 17:18:02 | INFO     | contact_manager |   <input> name='lastName' | type='text' | placeholder='' | id='react-aria-_R_28pmhaecqkm_'
2026-06-03 17:18:02 | INFO     | contact_manager |   <input> name='email' | type='email' | placeholder='exemple@domain.com' | id='react-aria-_R_cpmhaecqkm_'
2026-06-03 17:18:02 | INFO     | contact_manager |   <input> name='' | type='text' | placeholder='' | id='react-aria6922244099-_r_4_'
2026-06-03 17:18:02 | INFO     | contact_manager |   <input> name='' | type='text' | placeholder='' | id='react-aria-_R_gpmhaecqkm_'
2026-06-03 17:18:02 | INFO     | contact_manager |   <input> name='phoneNumber' | type='hidden' | placeholder='' | id=''
2026-06-03 17:18:02 | INFO     | contact_manager |   <input> name='isOwner' | type='checkbox' | placeholder='' | id=''
2026-06-03 17:18:03 | INFO     | contact_manager |   <input> name='newsletterOptout' | type='checkbox' | placeholder='' | id=''
2026-06-03 17:18:03 | INFO     | contact_manager |   <input> name='firstName' | type='text' | placeholder='' | id='react-aria6922244099-_r_m_'
2026-06-03 17:18:03 | INFO     | contact_manager |   <input> name='lastName' | type='text' | placeholder='' | id='react-aria6922244099-_r_r_'
2026-06-03 17:18:03 | INFO     | contact_manager |   <input> name='email' | type='email' | placeholder='exemple@domain.com' | id='react-aria6922244099-_r_10_'
2026-06-03 17:18:03 | INFO     | contact_manager |   <input> name='' | type='text' | placeholder='' | id='react-aria6922244099-_r_1d_'
2026-06-03 17:18:03 | INFO     | contact_manager |   <input> name='' | type='text' | placeholder='' | id='react-aria6922244099-_r_15_'
2026-06-03 17:18:03 | INFO     | contact_manager |   <input> name='phoneNumber' | type='hidden' | placeholder='' | id=''
2026-06-03 17:18:03 | INFO     | contact_manager |   <input> name='isOwner' | type='checkbox' | placeholder='' | id=''
2026-06-03 17:18:03 | INFO     | contact_manager |   <input> name='newsletterOptout' | type='checkbox' | placeholder='' | id=''
2026-06-03 17:18:04 | INFO     | contact_manager |   <textarea> name='message' | type='textarea' | placeholder='' | id='react-aria-_R_54pmhaecqkm_'
2026-06-03 17:18:04 | INFO     | contact_manager |   <textarea> name='message' | type='textarea' | placeholder='' | id='react-aria6922244099-_r_h_'
2026-06-03 17:18:09 | INFO     | contact_manager | [DEBUG] Total : 18 champ(s)
2026-06-03 17:18:14 | INFO     | contact_manager | Champ prenom trouve et rempli.
2026-06-03 17:18:16 | INFO     | contact_manager | Champ nom trouve et rempli.
2026-06-03 17:18:20 | INFO     | contact_manager | Champ email trouve et rempli.
2026-06-03 17:18:25 | INFO     | contact_manager | Champ telephone rempli (hidden JS).
2026-06-03 17:18:25 | INFO     | contact_manager | Recherche du lien Ajouter un message...
2026-06-03 17:18:52 | WARNING  | contact_manager | Lien 'Ajouter un message' introuvable.
2026-06-03 17:18:52 | INFO     | contact_manager | [DEBUG] Divs contenant 'message' :
2026-06-03 17:18:52 | INFO     | contact_manager |   tag=div | texte='' | class='css-1roawh0'
2026-06-03 17:18:52 | INFO     | contact_manager |   tag=div | texte='' | class='css-1roawh0'
2026-06-03 17:18:52 | WARNING  | contact_manager | Bouton 'Ajouter un message' introuvable.
2026-06-03 17:19:13 | WARNING  | contact_manager | Champ message introuvable.
2026-06-03 17:19:13 | INFO     | contact_manager | Simulation — formulaire rempli, envoi non effectue.
2026-06-03 17:19:13 | ERROR    | excel_manager | Impossible d'enregistrer dans Excel : [Errno 13] Permission denied: 'C:\\Users\\tepep\\Bureau\\bot_agence_immo\\data\\annonces_contactees.xlsx'
2026-06-03 17:19:14 | INFO     | main | [4/10] https://www.seloger.com/annonces/locations/appartement/marseille-13/268728697.htm?serp_view=list&search=distributionTypes%3DRent%26estateTypes%3DApartment%26locations%3DAD08FR4491%26numberOfBedroomsMin%3D2%26numberOfRoomsMin%3D4%26priceMax%3D1000000%26spaceMin%3D80#ln=classified_search_results&m=classified_search_results_classified_classified_detail_XL
2026-06-03 17:19:14 | INFO     | contact_manager | Contact : https://www.seloger.com/annonces/locations/appartement/marseille-13/268728697.htm?serp_view=list&search=distributionTypes%3DRent%26estateTypes%3DApartment%26locations%3DAD08FR4491%26numberOfBedroomsMin%3D2%26numberOfRoomsMin%3D4%26priceMax%3D1000000%26spaceMin%3D80#ln=classified_search_results&m=classified_search_results_classified_classified_detail_XL
2026-06-03 17:19:18 | INFO     | contact_manager | Bloqueur Usercentrics installe.
2026-06-03 17:19:35 | INFO     | contact_manager | Annonce enrichie : 'SeLoger' | prix= | surface= | pieces= | ville=
2026-06-03 17:19:35 | INFO     | contact_manager | [DEBUG] URL   : https://www.seloger.com/annonces/locations/appartement/marseille-13/268728697.htm?serp_view=list&search=distributionTypes%3DRent%26estateTypes%3DApartment%26locations%3DAD08FR4491%26numberOfBedroomsMin%3D2%26numberOfRoomsMin%3D4%26priceMax%3D1000000%26spaceMin%3D80#ln=classified_search_results&m=classified_search_results_classified_classified_detail_XL
2026-06-03 17:19:35 | INFO     | contact_manager | [DEBUG] Titre : Appartement à louer T4/F4 85 m² 1380 € Mazargues Marseille (13009)
2026-06-03 17:19:45 | INFO     | contact_manager | [DEBUG] 1 bouton(s) de contact :
2026-06-03 17:19:45 | INFO     | contact_manager |   texte='Contacter l'agence'
2026-06-03 17:20:02 | INFO     | contact_manager | Clic bouton contact effectue.
2026-06-03 17:20:02 | INFO     | contact_manager | Formulaire contact apparu.
2026-06-03 17:20:02 | INFO     | contact_manager | [DEBUG] Inventaire champs :
2026-06-03 17:20:02 | INFO     | contact_manager |   <input> name='firstName' | type='text' | placeholder='' | id='react-aria-_R_18pmhaecqkm_'
2026-06-03 17:20:02 | INFO     | contact_manager |   <input> name='lastName' | type='text' | placeholder='' | id='react-aria-_R_28pmhaecqkm_'
2026-06-03 17:20:02 | INFO     | contact_manager |   <input> name='email' | type='email' | placeholder='exemple@domain.com' | id='react-aria-_R_cpmhaecqkm_'
2026-06-03 17:20:02 | INFO     | contact_manager |   <input> name='' | type='text' | placeholder='' | id='react-aria3876079835-_r_4_'
2026-06-03 17:20:02 | INFO     | contact_manager |   <input> name='' | type='text' | placeholder='' | id='react-aria-_R_gpmhaecqkm_'
2026-06-03 17:20:02 | INFO     | contact_manager |   <input> name='phoneNumber' | type='hidden' | placeholder='' | id=''
2026-06-03 17:20:02 | INFO     | contact_manager |   <input> name='isOwner' | type='checkbox' | placeholder='' | id=''
2026-06-03 17:20:02 | INFO     | contact_manager |   <input> name='newsletterOptout' | type='checkbox' | placeholder='' | id=''
2026-06-03 17:20:02 | INFO     | contact_manager |   <input> name='firstName' | type='text' | placeholder='' | id='react-aria3876079835-_r_m_'
2026-06-03 17:20:02 | INFO     | contact_manager |   <input> name='lastName' | type='text' | placeholder='' | id='react-aria3876079835-_r_r_'
2026-06-03 17:20:02 | INFO     | contact_manager |   <input> name='email' | type='email' | placeholder='exemple@domain.com' | id='react-aria3876079835-_r_10_'
2026-06-03 17:20:02 | INFO     | contact_manager |   <input> name='' | type='text' | placeholder='' | id='react-aria3876079835-_r_1d_'
2026-06-03 17:20:02 | INFO     | contact_manager |   <input> name='' | type='text' | placeholder='' | id='react-aria3876079835-_r_15_'
2026-06-03 17:20:02 | INFO     | contact_manager |   <input> name='phoneNumber' | type='hidden' | placeholder='' | id=''
2026-06-03 17:20:02 | INFO     | contact_manager |   <input> name='isOwner' | type='checkbox' | placeholder='' | id=''
2026-06-03 17:20:02 | INFO     | contact_manager |   <input> name='newsletterOptout' | type='checkbox' | placeholder='' | id=''
2026-06-03 17:20:03 | INFO     | contact_manager |   <textarea> name='message' | type='textarea' | placeholder='' | id='react-aria-_R_54pmhaecqkm_'
2026-06-03 17:20:03 | INFO     | contact_manager |   <textarea> name='message' | type='textarea' | placeholder='' | id='react-aria3876079835-_r_h_'
2026-06-03 17:20:08 | INFO     | contact_manager | [DEBUG] Total : 18 champ(s)
2026-06-03 17:20:10 | INFO     | contact_manager | Champ prenom trouve et rempli.
2026-06-03 17:20:11 | INFO     | contact_manager | Champ nom trouve et rempli.
2026-06-03 17:20:15 | INFO     | contact_manager | Champ email trouve et rempli.
2026-06-03 17:20:20 | INFO     | contact_manager | Champ telephone rempli (hidden JS).
2026-06-03 17:20:20 | INFO     | contact_manager | Recherche du lien Ajouter un message...
2026-06-03 17:20:46 | WARNING  | contact_manager | Lien 'Ajouter un message' introuvable.
2026-06-03 17:20:46 | INFO     | contact_manager | [DEBUG] Divs contenant 'message' :
2026-06-03 17:20:46 | INFO     | contact_manager |   tag=div | texte='' | class='css-1roawh0'
2026-06-03 17:20:46 | INFO     | contact_manager |   tag=div | texte='' | class='css-1roawh0'
2026-06-03 17:20:46 | WARNING  | contact_manager | Bouton 'Ajouter un message' introuvable.
2026-06-03 17:21:07 | WARNING  | contact_manager | Champ message introuvable.
2026-06-03 17:21:07 | INFO     | contact_manager | Simulation — formulaire rempli, envoi non effectue.
2026-06-03 17:21:07 | ERROR    | excel_manager | Impossible d'enregistrer dans Excel : [Errno 13] Permission denied: 'C:\\Users\\tepep\\Bureau\\bot_agence_immo\\data\\annonces_contactees.xlsx'
2026-06-03 17:21:08 | INFO     | main | [5/10] https://www.seloger.com/annonces/locations/appartement/marseille-8eme-13/saint-giniez/266464753.htm?serp_view=list&search=distributionTypes%3DRent%26estateTypes%3DApartment%26locations%3DAD08FR4491%26numberOfBedroomsMin%3D2%26numberOfRoomsMin%3D4%26priceMax%3D1000000%26spaceMin%3D80#ln=classified_search_results&m=classified_search_results_classified_classified_detail_L
2026-06-03 17:21:08 | INFO     | contact_manager | Contact : https://www.seloger.com/annonces/locations/appartement/marseille-8eme-13/saint-giniez/266464753.htm?serp_view=list&search=distributionTypes%3DRent%26estateTypes%3DApartment%26locations%3DAD08FR4491%26numberOfBedroomsMin%3D2%26numberOfRoomsMin%3D4%26priceMax%3D1000000%26spaceMin%3D80#ln=classified_search_results&m=classified_search_results_classified_classified_detail_L
2026-06-03 17:21:12 | INFO     | contact_manager | Bloqueur Usercentrics installe.
2026-06-03 17:21:29 | INFO     | contact_manager | Annonce enrichie : 'SeLoger' | prix= | surface= | pieces= | ville=
2026-06-03 17:21:29 | INFO     | contact_manager | [DEBUG] URL   : https://www.seloger.com/annonces/locations/appartement/marseille-8eme-13/saint-giniez/266464753.htm?serp_view=list&search=distributionTypes%3DRent%26estateTypes%3DApartment%26locations%3DAD08FR4491%26numberOfBedroomsMin%3D2%26numberOfRoomsMin%3D4%26priceMax%3D1000000%26spaceMin%3D80#ln=classified_search_results&m=classified_search_results_classified_classified_detail_L
2026-06-03 17:21:29 | INFO     | contact_manager | [DEBUG] Titre : Appartement à louer T4/F4 105.4 m² 2900 € Saint Giniez Marseille (13008)
2026-06-03 17:21:40 | WARNING  | contact_manager | Aucun bouton de contact trouve.
2026-06-03 17:21:40 | INFO     | contact_manager | [DEBUG] Inventaire champs :
2026-06-03 17:21:40 | INFO     | contact_manager |   <input> name='firstName' | type='text' | placeholder='' | id='react-aria-_R_18pmhaecqkm_'
2026-06-03 17:21:40 | INFO     | contact_manager |   <input> name='lastName' | type='text' | placeholder='' | id='react-aria-_R_28pmhaecqkm_'
2026-06-03 17:21:40 | INFO     | contact_manager |   <input> name='email' | type='email' | placeholder='exemple@domain.com' | id='react-aria-_R_cpmhaecqkm_'
2026-06-03 17:21:40 | INFO     | contact_manager |   <input> name='' | type='text' | placeholder='' | id='react-aria9153368118-_r_4_'
2026-06-03 17:21:40 | INFO     | contact_manager |   <input> name='' | type='text' | placeholder='' | id='react-aria-_R_gpmhaecqkm_'
2026-06-03 17:21:40 | INFO     | contact_manager |   <input> name='phoneNumber' | type='hidden' | placeholder='' | id=''
2026-06-03 17:21:40 | INFO     | contact_manager |   <input> name='newsletterOptout' | type='checkbox' | placeholder='' | id=''
2026-06-03 17:21:40 | INFO     | contact_manager |   <input> name='firstName' | type='text' | placeholder='' | id='react-aria9153368118-_r_m_'
2026-06-03 17:21:40 | INFO     | contact_manager |   <input> name='lastName' | type='text' | placeholder='' | id='react-aria9153368118-_r_r_'
2026-06-03 17:21:40 | INFO     | contact_manager |   <input> name='email' | type='email' | placeholder='exemple@domain.com' | id='react-aria9153368118-_r_10_'
2026-06-03 17:21:40 | INFO     | contact_manager |   <input> name='' | type='text' | placeholder='' | id='react-aria9153368118-_r_1d_'
2026-06-03 17:21:40 | INFO     | contact_manager |   <input> name='' | type='text' | placeholder='' | id='react-aria9153368118-_r_15_'
2026-06-03 17:21:40 | INFO     | contact_manager |   <input> name='phoneNumber' | type='hidden' | placeholder='' | id=''
2026-06-03 17:21:41 | INFO     | contact_manager |   <input> name='newsletterOptout' | type='checkbox' | placeholder='' | id=''
2026-06-03 17:21:41 | INFO     | contact_manager |   <textarea> name='message' | type='textarea' | placeholder='' | id='react-aria-_R_54pmhaecqkm_'
2026-06-03 17:21:41 | INFO     | contact_manager |   <textarea> name='message' | type='textarea' | placeholder='' | id='react-aria9153368118-_r_h_'
2026-06-03 17:21:46 | INFO     | contact_manager | [DEBUG] Total : 16 champ(s)
2026-06-03 17:21:47 | INFO     | contact_manager | Champ prenom trouve et rempli.
2026-06-03 17:21:49 | INFO     | contact_manager | Champ nom trouve et rempli.
2026-06-03 17:21:54 | INFO     | contact_manager | Champ email trouve et rempli.
2026-06-03 17:21:59 | INFO     | contact_manager | Champ telephone rempli (hidden JS).
2026-06-03 17:21:59 | INFO     | contact_manager | Recherche du lien Ajouter un message...
2026-06-03 17:22:24 | WARNING  | contact_manager | Lien 'Ajouter un message' introuvable.
2026-06-03 17:22:24 | INFO     | contact_manager | [DEBUG] Divs contenant 'message' :
2026-06-03 17:22:24 | INFO     | contact_manager |   tag=div | texte='' | class='css-1roawh0'
2026-06-03 17:22:24 | INFO     | contact_manager |   tag=div | texte='En ajoutant un message personnalisé, vous avez plus de chances d'obtenir une rép' | class='css-1roawh0'
2026-06-03 17:22:24 | WARNING  | contact_manager | Bouton 'Ajouter un message' introuvable.
2026-06-03 17:22:45 | WARNING  | contact_manager | Champ message introuvable.
2026-06-03 17:22:45 | INFO     | contact_manager | Simulation — formulaire rempli, envoi non effectue.
2026-06-03 17:22:45 | ERROR    | excel_manager | Impossible d'enregistrer dans Excel : [Errno 13] Permission denied: 'C:\\Users\\tepep\\Bureau\\bot_agence_immo\\data\\annonces_contactees.xlsx'
2026-06-03 17:22:46 | INFO     | main | [6/10] https://www.seloger.com/annonces/locations/appartement/marseille-13/270865227.htm?serp_view=list&search=distributionTypes%3DRent%26estateTypes%3DApartment%26locations%3DAD08FR4491%26numberOfBedroomsMin%3D2%26numberOfRoomsMin%3D4%26priceMax%3D1000000%26spaceMin%3D80#ln=classified_search_results&m=classified_search_results_classified_classified_detail_M
2026-06-03 17:22:46 | INFO     | contact_manager | Contact : https://www.seloger.com/annonces/locations/appartement/marseille-13/270865227.htm?serp_view=list&search=distributionTypes%3DRent%26estateTypes%3DApartment%26locations%3DAD08FR4491%26numberOfBedroomsMin%3D2%26numberOfRoomsMin%3D4%26priceMax%3D1000000%26spaceMin%3D80#ln=classified_search_results&m=classified_search_results_classified_classified_detail_M
2026-06-03 17:22:50 | INFO     | contact_manager | Bloqueur Usercentrics installe.
2026-06-03 17:23:07 | INFO     | contact_manager | Annonce enrichie : 'SeLoger' | prix= | surface= | pieces= | ville=
2026-06-03 17:23:07 | INFO     | contact_manager | [DEBUG] URL   : https://www.seloger.com/annonces/locations/appartement/marseille-8eme-13/perier/270865227.htm?search=distributionTypes%3DRent%26estateTypes%3DApartment%26locations%3DAD08FR4491%26numberOfBedroomsMin%3D2%26numberOfRoomsMin%3D4%26priceMax%3D1000000%26spaceMin%3D80&serp_view=list#ln=classified_search_results&m=classified_search_results_classified_classified_detail_M
2026-06-03 17:23:07 | INFO     | contact_manager | [DEBUG] Titre : Appartement à louer T4/F4 85 m² 1900 € Périer Marseille (13008)
2026-06-03 17:23:17 | WARNING  | contact_manager | Aucun bouton de contact trouve.
2026-06-03 17:23:17 | INFO     | contact_manager | [DEBUG] Inventaire champs :
2026-06-03 17:23:17 | INFO     | contact_manager |   <input> name='firstName' | type='text' | placeholder='' | id='react-aria-_R_18pmhaecqkm_'
2026-06-03 17:23:17 | INFO     | contact_manager |   <input> name='lastName' | type='text' | placeholder='' | id='react-aria-_R_28pmhaecqkm_'
2026-06-03 17:23:17 | INFO     | contact_manager |   <input> name='email' | type='email' | placeholder='exemple@domain.com' | id='react-aria-_R_cpmhaecqkm_'
2026-06-03 17:23:17 | INFO     | contact_manager |   <input> name='' | type='text' | placeholder='' | id='react-aria994499754-_r_4_'
2026-06-03 17:23:17 | INFO     | contact_manager |   <input> name='' | type='text' | placeholder='' | id='react-aria-_R_gpmhaecqkm_'
2026-06-03 17:23:17 | INFO     | contact_manager |   <input> name='phoneNumber' | type='hidden' | placeholder='' | id=''
2026-06-03 17:23:17 | INFO     | contact_manager |   <input> name='newsletterOptout' | type='checkbox' | placeholder='' | id=''
2026-06-03 17:23:17 | INFO     | contact_manager |   <input> name='firstName' | type='text' | placeholder='' | id='react-aria994499754-_r_m_'
2026-06-03 17:23:17 | INFO     | contact_manager |   <input> name='lastName' | type='text' | placeholder='' | id='react-aria994499754-_r_r_'
2026-06-03 17:23:17 | INFO     | contact_manager |   <input> name='email' | type='email' | placeholder='exemple@domain.com' | id='react-aria994499754-_r_10_'
2026-06-03 17:23:18 | INFO     | contact_manager |   <input> name='' | type='text' | placeholder='' | id='react-aria994499754-_r_1d_'
2026-06-03 17:23:18 | INFO     | contact_manager |   <input> name='' | type='text' | placeholder='' | id='react-aria994499754-_r_15_'
2026-06-03 17:23:18 | INFO     | contact_manager |   <input> name='phoneNumber' | type='hidden' | placeholder='' | id=''
2026-06-03 17:23:18 | INFO     | contact_manager |   <input> name='newsletterOptout' | type='checkbox' | placeholder='' | id=''
2026-06-03 17:23:18 | INFO     | contact_manager |   <textarea> name='message' | type='textarea' | placeholder='' | id='react-aria-_R_54pmhaecqkm_'
2026-06-03 17:23:18 | INFO     | contact_manager |   <textarea> name='message' | type='textarea' | placeholder='' | id='react-aria994499754-_r_h_'
2026-06-03 17:23:23 | INFO     | contact_manager | [DEBUG] Total : 16 champ(s)
2026-06-03 17:23:25 | INFO     | contact_manager | Champ prenom trouve et rempli.
2026-06-03 17:23:27 | INFO     | contact_manager | Champ nom trouve et rempli.
2026-06-03 17:23:31 | INFO     | contact_manager | Champ email trouve et rempli.
2026-06-03 17:23:36 | INFO     | contact_manager | Champ telephone rempli (hidden JS).
2026-06-03 17:23:36 | INFO     | contact_manager | Recherche du lien Ajouter un message...
2026-06-03 17:24:02 | WARNING  | contact_manager | Lien 'Ajouter un message' introuvable.
2026-06-03 17:24:02 | INFO     | contact_manager | [DEBUG] Divs contenant 'message' :
2026-06-03 17:24:02 | INFO     | contact_manager |   tag=div | texte='' | class='css-1roawh0'
2026-06-03 17:24:02 | INFO     | contact_manager |   tag=div | texte='En ajoutant un message personnalisé, vous avez plus de chances d'obtenir une rép' | class='css-1roawh0'
2026-06-03 17:24:02 | WARNING  | contact_manager | Bouton 'Ajouter un message' introuvable.
2026-06-03 17:24:23 | WARNING  | contact_manager | Champ message introuvable.
2026-06-03 17:24:23 | INFO     | contact_manager | Simulation — formulaire rempli, envoi non effectue.
2026-06-03 17:24:23 | ERROR    | excel_manager | Impossible d'enregistrer dans Excel : [Errno 13] Permission denied: 'C:\\Users\\tepep\\Bureau\\bot_agence_immo\\data\\annonces_contactees.xlsx'
2026-06-03 17:24:24 | INFO     | main | [7/10] https://www.seloger.com/annonces/locations/appartement/marseille-8eme-13/sainte-anne/270865175.htm?serp_view=list&search=distributionTypes%3DRent%26estateTypes%3DApartment%26locations%3DAD08FR4491%26numberOfBedroomsMin%3D2%26numberOfRoomsMin%3D4%26priceMax%3D1000000%26spaceMin%3D80#ln=classified_search_results&m=classified_search_results_classified_classified_detail_M
2026-06-03 17:24:24 | INFO     | contact_manager | Contact : https://www.seloger.com/annonces/locations/appartement/marseille-8eme-13/sainte-anne/270865175.htm?serp_view=list&search=distributionTypes%3DRent%26estateTypes%3DApartment%26locations%3DAD08FR4491%26numberOfBedroomsMin%3D2%26numberOfRoomsMin%3D4%26priceMax%3D1000000%26spaceMin%3D80#ln=classified_search_results&m=classified_search_results_classified_classified_detail_M
2026-06-03 17:24:31 | INFO     | contact_manager | Bloqueur Usercentrics installe.
2026-06-03 17:24:49 | INFO     | contact_manager | Annonce enrichie : 'SeLoger' | prix= | surface= | pieces= | ville=
2026-06-03 17:24:49 | INFO     | contact_manager | [DEBUG] URL   : https://www.seloger.com/annonces/locations/appartement/marseille-8eme-13/sainte-anne/270865175.htm?serp_view=list&search=distributionTypes%3DRent%26estateTypes%3DApartment%26locations%3DAD08FR4491%26numberOfBedroomsMin%3D2%26numberOfRoomsMin%3D4%26priceMax%3D1000000%26spaceMin%3D80#ln=classified_search_results&m=classified_search_results_classified_classified_detail_M
2026-06-03 17:24:49 | INFO     | contact_manager | [DEBUG] Titre : Appartement à louer T4/F4 91 m² 2583 € Sainte Anne Marseille (13008)
2026-06-03 17:24:59 | WARNING  | contact_manager | Aucun bouton de contact trouve.
2026-06-03 17:24:59 | INFO     | contact_manager | [DEBUG] Inventaire champs :
2026-06-03 17:24:59 | INFO     | contact_manager |   <input> name='firstName' | type='text' | placeholder='' | id='react-aria-_R_18pmhaecqkm_'
2026-06-03 17:24:59 | INFO     | contact_manager |   <input> name='lastName' | type='text' | placeholder='' | id='react-aria-_R_28pmhaecqkm_'
2026-06-03 17:25:00 | INFO     | contact_manager |   <input> name='email' | type='email' | placeholder='exemple@domain.com' | id='react-aria-_R_cpmhaecqkm_'
2026-06-03 17:25:00 | INFO     | contact_manager |   <input> name='' | type='text' | placeholder='' | id='react-aria979346121-_r_4_'
2026-06-03 17:25:00 | INFO     | contact_manager |   <input> name='' | type='text' | placeholder='' | id='react-aria-_R_gpmhaecqkm_'
2026-06-03 17:25:00 | INFO     | contact_manager |   <input> name='phoneNumber' | type='hidden' | placeholder='' | id=''
2026-06-03 17:25:00 | INFO     | contact_manager |   <input> name='newsletterOptout' | type='checkbox' | placeholder='' | id=''
2026-06-03 17:25:00 | INFO     | contact_manager |   <input> name='firstName' | type='text' | placeholder='' | id='react-aria979346121-_r_m_'
2026-06-03 17:25:00 | INFO     | contact_manager |   <input> name='lastName' | type='text' | placeholder='' | id='react-aria979346121-_r_r_'
2026-06-03 17:25:00 | INFO     | contact_manager |   <input> name='email' | type='email' | placeholder='exemple@domain.com' | id='react-aria979346121-_r_10_'
2026-06-03 17:25:00 | INFO     | contact_manager |   <input> name='' | type='text' | placeholder='' | id='react-aria979346121-_r_1d_'
2026-06-03 17:25:00 | INFO     | contact_manager |   <input> name='' | type='text' | placeholder='' | id='react-aria979346121-_r_15_'
2026-06-03 17:25:00 | INFO     | contact_manager |   <input> name='phoneNumber' | type='hidden' | placeholder='' | id=''
2026-06-03 17:25:00 | INFO     | contact_manager |   <input> name='newsletterOptout' | type='checkbox' | placeholder='' | id=''
2026-06-03 17:25:00 | INFO     | contact_manager |   <textarea> name='message' | type='textarea' | placeholder='' | id='react-aria-_R_54pmhaecqkm_'
2026-06-03 17:25:00 | INFO     | contact_manager |   <textarea> name='message' | type='textarea' | placeholder='' | id='react-aria979346121-_r_h_'
2026-06-03 17:25:06 | INFO     | contact_manager | [DEBUG] Total : 16 champ(s)
2026-06-03 17:25:07 | INFO     | contact_manager | Champ prenom trouve et rempli.
2026-06-03 17:25:09 | INFO     | contact_manager | Champ nom trouve et rempli.
2026-06-03 17:25:14 | INFO     | contact_manager | Champ email trouve et rempli.
2026-06-03 17:25:20 | INFO     | contact_manager | Champ telephone rempli (hidden JS).
2026-06-03 17:25:20 | INFO     | contact_manager | Recherche du lien Ajouter un message...
2026-06-03 17:25:45 | WARNING  | contact_manager | Lien 'Ajouter un message' introuvable.
2026-06-03 17:25:45 | INFO     | contact_manager | [DEBUG] Divs contenant 'message' :
2026-06-03 17:25:45 | INFO     | contact_manager |   tag=div | texte='' | class='css-1roawh0'
2026-06-03 17:25:45 | INFO     | contact_manager |   tag=div | texte='En ajoutant un message personnalisé, vous avez plus de chances d'obtenir une rép' | class='css-1roawh0'
2026-06-03 17:25:45 | WARNING  | contact_manager | Bouton 'Ajouter un message' introuvable.
2026-06-03 17:26:06 | WARNING  | contact_manager | Champ message introuvable.
2026-06-03 17:26:06 | INFO     | contact_manager | Simulation — formulaire rempli, envoi non effectue.
2026-06-03 17:26:06 | ERROR    | excel_manager | Impossible d'enregistrer dans Excel : [Errno 13] Permission denied: 'C:\\Users\\tepep\\Bureau\\bot_agence_immo\\data\\annonces_contactees.xlsx'
2026-06-03 17:26:07 | INFO     | main | [8/10] https://www.seloger.com/annonces/locations/appartement/marseille-2eme-13/les-grandes-carmes/270757775.htm?serp_view=list&search=distributionTypes%3DRent%26estateTypes%3DApartment%26locations%3DAD08FR4491%26numberOfBedroomsMin%3D2%26numberOfRoomsMin%3D4%26priceMax%3D1000000%26spaceMin%3D80#ln=classified_search_results&m=classified_search_results_classified_classified_detail_M
2026-06-03 17:26:07 | INFO     | contact_manager | Contact : https://www.seloger.com/annonces/locations/appartement/marseille-2eme-13/les-grandes-carmes/270757775.htm?serp_view=list&search=distributionTypes%3DRent%26estateTypes%3DApartment%26locations%3DAD08FR4491%26numberOfBedroomsMin%3D2%26numberOfRoomsMin%3D4%26priceMax%3D1000000%26spaceMin%3D80#ln=classified_search_results&m=classified_search_results_classified_classified_detail_M
2026-06-03 17:26:13 | INFO     | contact_manager | Bloqueur Usercentrics installe.
2026-06-03 17:26:31 | INFO     | contact_manager | Annonce enrichie : 'SeLoger' | prix= | surface= | pieces= | ville=
2026-06-03 17:26:31 | INFO     | contact_manager | [DEBUG] URL   : https://www.seloger.com/annonces/locations/appartement/marseille-2eme-13/la-joliette/270757775.htm?search=distributionTypes%3DRent%26estateTypes%3DApartment%26locations%3DAD08FR4491%26numberOfBedroomsMin%3D2%26numberOfRoomsMin%3D4%26priceMax%3D1000000%26spaceMin%3D80&serp_view=list#ln=classified_search_results&m=classified_search_results_classified_classified_detail_M
2026-06-03 17:26:31 | INFO     | contact_manager | [DEBUG] Titre : Appartement à louer T4/F4 92 m² 1619 € La Joliette Marseille (13002)
2026-06-03 17:26:42 | WARNING  | contact_manager | Aucun bouton de contact trouve.
2026-06-03 17:26:42 | INFO     | contact_manager | [DEBUG] Inventaire champs :
2026-06-03 17:26:42 | INFO     | contact_manager |   <input> name='firstName' | type='text' | placeholder='' | id='react-aria2338069907-_r_r_'
2026-06-03 17:26:42 | INFO     | contact_manager |   <input> name='lastName' | type='text' | placeholder='' | id='react-aria2338069907-_r_10_'
2026-06-03 17:26:42 | INFO     | contact_manager |   <input> name='email' | type='email' | placeholder='exemple@domain.com' | id='react-aria2338069907-_r_15_'
2026-06-03 17:26:42 | INFO     | contact_manager |   <input> name='' | type='text' | placeholder='' | id='react-aria2338069907-_r_1i_'
2026-06-03 17:26:42 | INFO     | contact_manager |   <input> name='' | type='text' | placeholder='' | id='react-aria2338069907-_r_1a_'
2026-06-03 17:26:42 | INFO     | contact_manager |   <input> name='phoneNumber' | type='hidden' | placeholder='' | id=''
2026-06-03 17:26:43 | INFO     | contact_manager |   <input> name='newsletterOptout' | type='checkbox' | placeholder='' | id=''
2026-06-03 17:26:43 | INFO     | contact_manager |   <input> name='firstName' | type='text' | placeholder='' | id='react-aria2338069907-_r_2e_'
2026-06-03 17:26:43 | INFO     | contact_manager |   <input> name='lastName' | type='text' | placeholder='' | id='react-aria2338069907-_r_2j_'
2026-06-03 17:26:43 | INFO     | contact_manager |   <input> name='email' | type='email' | placeholder='exemple@domain.com' | id='react-aria2338069907-_r_2o_'
2026-06-03 17:26:43 | INFO     | contact_manager |   <input> name='' | type='text' | placeholder='' | id='react-aria2338069907-_r_35_'
2026-06-03 17:26:43 | INFO     | contact_manager |   <input> name='' | type='text' | placeholder='' | id='react-aria2338069907-_r_2t_'
2026-06-03 17:26:43 | INFO     | contact_manager |   <input> name='phoneNumber' | type='hidden' | placeholder='' | id=''
2026-06-03 17:26:43 | INFO     | contact_manager |   <input> name='newsletterOptout' | type='checkbox' | placeholder='' | id=''
2026-06-03 17:26:43 | INFO     | contact_manager |   <textarea> name='message' | type='textarea' | placeholder='' | id='react-aria2338069907-_r_m_'
2026-06-03 17:26:43 | INFO     | contact_manager |   <textarea> name='message' | type='textarea' | placeholder='' | id='react-aria2338069907-_r_29_'
2026-06-03 17:26:48 | INFO     | contact_manager | [DEBUG] Total : 16 champ(s)
2026-06-03 17:26:50 | INFO     | contact_manager | Champ prenom trouve et rempli.
2026-06-03 17:26:51 | INFO     | contact_manager | Champ nom trouve et rempli.
2026-06-03 17:26:56 | INFO     | contact_manager | Champ email trouve et rempli.
2026-06-03 17:27:01 | INFO     | contact_manager | Champ telephone rempli (hidden JS).
2026-06-03 17:27:01 | INFO     | contact_manager | Recherche du lien Ajouter un message...
2026-06-03 17:27:26 | WARNING  | contact_manager | Lien 'Ajouter un message' introuvable.
2026-06-03 17:27:26 | INFO     | contact_manager | [DEBUG] Divs contenant 'message' :
2026-06-03 17:27:26 | INFO     | contact_manager |   tag=div | texte='' | class='css-1roawh0'
2026-06-03 17:27:26 | INFO     | contact_manager |   tag=div | texte='En ajoutant un message personnalisé, vous avez plus de chances d'obtenir une rép' | class='css-1roawh0'
2026-06-03 17:27:26 | WARNING  | contact_manager | Bouton 'Ajouter un message' introuvable.
2026-06-03 17:27:47 | WARNING  | contact_manager | Champ message introuvable.
2026-06-03 17:27:47 | INFO     | contact_manager | Simulation — formulaire rempli, envoi non effectue.
2026-06-03 17:27:47 | ERROR    | excel_manager | Impossible d'enregistrer dans Excel : [Errno 13] Permission denied: 'C:\\Users\\tepep\\Bureau\\bot_agence_immo\\data\\annonces_contactees.xlsx'
2026-06-03 17:27:48 | INFO     | main | [9/10] https://www.seloger.com/annonces/locations/appartement/marseille-1er-13/noailles/270041409.htm?serp_view=list&search=distributionTypes%3DRent%26estateTypes%3DApartment%26locations%3DAD08FR4491%26numberOfBedroomsMin%3D2%26numberOfRoomsMin%3D4%26priceMax%3D1000000%26spaceMin%3D80#ln=classified_search_results&m=classified_search_results_classified_classified_detail_M
2026-06-03 17:27:48 | INFO     | contact_manager | Contact : https://www.seloger.com/annonces/locations/appartement/marseille-1er-13/noailles/270041409.htm?serp_view=list&search=distributionTypes%3DRent%26estateTypes%3DApartment%26locations%3DAD08FR4491%26numberOfBedroomsMin%3D2%26numberOfRoomsMin%3D4%26priceMax%3D1000000%26spaceMin%3D80#ln=classified_search_results&m=classified_search_results_classified_classified_detail_M
2026-06-03 17:27:52 | INFO     | contact_manager | Bloqueur Usercentrics installe.
2026-06-03 17:28:09 | INFO     | contact_manager | Annonce enrichie : 'SeLoger' | prix= | surface= | pieces= | ville=
2026-06-03 17:28:09 | INFO     | contact_manager | [DEBUG] URL   : https://www.seloger.com/annonces/locations/appartement/marseille-1er-13/noailles/270041409.htm?serp_view=list&search=distributionTypes%3DRent%26estateTypes%3DApartment%26locations%3DAD08FR4491%26numberOfBedroomsMin%3D2%26numberOfRoomsMin%3D4%26priceMax%3D1000000%26spaceMin%3D80#ln=classified_search_results&m=classified_search_results_classified_classified_detail_M
2026-06-03 17:28:09 | INFO     | contact_manager | [DEBUG] Titre : Appartement à louer T4/F4 90 m² 1795 € Noailles Marseille (13001)
2026-06-03 17:28:18 | WARNING  | contact_manager | Aucun bouton de contact trouve.
2026-06-03 17:28:18 | INFO     | contact_manager | [DEBUG] Inventaire champs :
2026-06-03 17:28:18 | INFO     | contact_manager |   <input> name='firstName' | type='text' | placeholder='' | id='react-aria-_R_18pmhaecqkm_'
2026-06-03 17:28:18 | INFO     | contact_manager |   <input> name='lastName' | type='text' | placeholder='' | id='react-aria-_R_28pmhaecqkm_'
2026-06-03 17:28:18 | INFO     | contact_manager |   <input> name='email' | type='email' | placeholder='exemple@domain.com' | id='react-aria-_R_cpmhaecqkm_'
2026-06-03 17:28:18 | INFO     | contact_manager |   <input> name='' | type='text' | placeholder='' | id='react-aria4839051552-_r_4_'
2026-06-03 17:28:18 | INFO     | contact_manager |   <input> name='' | type='text' | placeholder='' | id='react-aria-_R_gpmhaecqkm_'
2026-06-03 17:28:18 | INFO     | contact_manager |   <input> name='phoneNumber' | type='hidden' | placeholder='' | id=''
2026-06-03 17:28:19 | INFO     | contact_manager |   <input> name='newsletterOptout' | type='checkbox' | placeholder='' | id=''
2026-06-03 17:28:19 | INFO     | contact_manager |   <input> name='firstName' | type='text' | placeholder='' | id='react-aria4839051552-_r_m_'
2026-06-03 17:28:19 | INFO     | contact_manager |   <input> name='lastName' | type='text' | placeholder='' | id='react-aria4839051552-_r_r_'
2026-06-03 17:28:19 | INFO     | contact_manager |   <input> name='email' | type='email' | placeholder='exemple@domain.com' | id='react-aria4839051552-_r_10_'
2026-06-03 17:28:19 | INFO     | contact_manager |   <input> name='' | type='text' | placeholder='' | id='react-aria4839051552-_r_1d_'
2026-06-03 17:28:19 | INFO     | contact_manager |   <input> name='' | type='text' | placeholder='' | id='react-aria4839051552-_r_15_'
2026-06-03 17:28:19 | INFO     | contact_manager |   <input> name='phoneNumber' | type='hidden' | placeholder='' | id=''
2026-06-03 17:28:19 | INFO     | contact_manager |   <input> name='newsletterOptout' | type='checkbox' | placeholder='' | id=''
2026-06-03 17:28:19 | INFO     | contact_manager |   <textarea> name='message' | type='textarea' | placeholder='' | id='react-aria-_R_54pmhaecqkm_'
2026-06-03 17:28:19 | INFO     | contact_manager |   <textarea> name='message' | type='textarea' | placeholder='' | id='react-aria4839051552-_r_h_'
2026-06-03 17:28:24 | INFO     | contact_manager | [DEBUG] Total : 16 champ(s)
2026-06-03 17:28:26 | INFO     | contact_manager | Champ prenom trouve et rempli.
2026-06-03 17:28:27 | INFO     | contact_manager | Champ nom trouve et rempli.
2026-06-03 17:28:32 | INFO     | contact_manager | Champ email trouve et rempli.
2026-06-03 17:28:37 | INFO     | contact_manager | Champ telephone rempli (hidden JS).
2026-06-03 17:28:38 | INFO     | contact_manager | Recherche du lien Ajouter un message...
2026-06-03 17:29:03 | WARNING  | contact_manager | Lien 'Ajouter un message' introuvable.
2026-06-03 17:29:03 | INFO     | contact_manager | [DEBUG] Divs contenant 'message' :
2026-06-03 17:29:03 | INFO     | contact_manager |   tag=div | texte='' | class='css-1roawh0'
2026-06-03 17:29:03 | INFO     | contact_manager |   tag=div | texte='En ajoutant un message personnalisé, vous avez plus de chances d'obtenir une rép' | class='css-1roawh0'
2026-06-03 17:29:03 | WARNING  | contact_manager | Bouton 'Ajouter un message' introuvable.
2026-06-03 17:29:24 | WARNING  | contact_manager | Champ message introuvable.
2026-06-03 17:29:24 | INFO     | contact_manager | Simulation — formulaire rempli, envoi non effectue.
2026-06-03 17:29:24 | ERROR    | excel_manager | Impossible d'enregistrer dans Excel : [Errno 13] Permission denied: 'C:\\Users\\tepep\\Bureau\\bot_agence_immo\\data\\annonces_contactees.xlsx'
2026-06-03 17:29:25 | INFO     | main | [10/10] https://www.seloger.com/annonces/locations/appartement/marseille-13/270798705.htm?serp_view=list&search=distributionTypes%3DRent%26estateTypes%3DApartment%26locations%3DAD08FR4491%26numberOfBedroomsMin%3D2%26numberOfRoomsMin%3D4%26priceMax%3D1000000%26spaceMin%3D80#ln=classified_search_results&m=classified_search_results_classified_classified_detail_L
2026-06-03 17:29:25 | INFO     | contact_manager | Contact : https://www.seloger.com/annonces/locations/appartement/marseille-13/270798705.htm?serp_view=list&search=distributionTypes%3DRent%26estateTypes%3DApartment%26locations%3DAD08FR4491%26numberOfBedroomsMin%3D2%26numberOfRoomsMin%3D4%26priceMax%3D1000000%26spaceMin%3D80#ln=classified_search_results&m=classified_search_results_classified_classified_detail_L
2026-06-03 17:29:28 | INFO     | contact_manager | Bloqueur Usercentrics installe.
2026-06-03 17:29:45 | INFO     | contact_manager | Annonce enrichie : 'SeLoger' | prix= | surface= | pieces= | ville=
2026-06-03 17:29:45 | INFO     | contact_manager | [DEBUG] URL   : https://www.seloger.com/annonces/locations/appartement/marseille-6eme-13/lodi/270798705.htm?search=distributionTypes%3DRent%26estateTypes%3DApartment%26locations%3DAD08FR4491%26numberOfBedroomsMin%3D2%26numberOfRoomsMin%3D4%26priceMax%3D1000000%26spaceMin%3D80&serp_view=list#ln=classified_search_results&m=classified_search_results_classified_classified_detail_L
2026-06-03 17:29:45 | INFO     | contact_manager | [DEBUG] Titre : Appartement à louer T4/F4 105.39 m² 1757 € Lodi Marseille (13006)
2026-06-03 17:29:55 | INFO     | contact_manager | [DEBUG] 1 bouton(s) de contact :
2026-06-03 17:29:55 | INFO     | contact_manager |   texte='Contacter l'agence'
2026-06-03 17:30:11 | INFO     | contact_manager | Clic bouton contact effectue.
2026-06-03 17:30:11 | INFO     | contact_manager | Formulaire contact apparu.
2026-06-03 17:30:11 | INFO     | contact_manager | [DEBUG] Inventaire champs :
2026-06-03 17:30:11 | INFO     | contact_manager |   <input> name='firstName' | type='text' | placeholder='' | id='react-aria-_R_18pmhaecqkm_'
2026-06-03 17:30:11 | INFO     | contact_manager |   <input> name='lastName' | type='text' | placeholder='' | id='react-aria-_R_28pmhaecqkm_'
2026-06-03 17:30:11 | INFO     | contact_manager |   <input> name='email' | type='email' | placeholder='exemple@domain.com' | id='react-aria-_R_cpmhaecqkm_'
2026-06-03 17:30:11 | INFO     | contact_manager |   <input> name='' | type='text' | placeholder='' | id='react-aria5515256330-_r_4_'
2026-06-03 17:30:12 | INFO     | contact_manager |   <input> name='' | type='text' | placeholder='' | id='react-aria-_R_gpmhaecqkm_'
2026-06-03 17:30:12 | INFO     | contact_manager |   <input> name='phoneNumber' | type='hidden' | placeholder='' | id=''
2026-06-03 17:30:12 | INFO     | contact_manager |   <input> name='isOwner' | type='checkbox' | placeholder='' | id=''
2026-06-03 17:30:12 | INFO     | contact_manager |   <input> name='newsletterOptout' | type='checkbox' | placeholder='' | id=''
2026-06-03 17:30:12 | INFO     | contact_manager |   <input> name='firstName' | type='text' | placeholder='' | id='react-aria5515256330-_r_m_'
2026-06-03 17:30:12 | INFO     | contact_manager |   <input> name='lastName' | type='text' | placeholder='' | id='react-aria5515256330-_r_r_'
2026-06-03 17:30:12 | INFO     | contact_manager |   <input> name='email' | type='email' | placeholder='exemple@domain.com' | id='react-aria5515256330-_r_10_'
2026-06-03 17:30:12 | INFO     | contact_manager |   <input> name='' | type='text' | placeholder='' | id='react-aria5515256330-_r_1d_'
2026-06-03 17:30:12 | INFO     | contact_manager |   <input> name='' | type='text' | placeholder='' | id='react-aria5515256330-_r_15_'
2026-06-03 17:30:12 | INFO     | contact_manager |   <input> name='phoneNumber' | type='hidden' | placeholder='' | id=''
2026-06-03 17:30:12 | INFO     | contact_manager |   <input> name='isOwner' | type='checkbox' | placeholder='' | id=''
2026-06-03 17:30:12 | INFO     | contact_manager |   <input> name='newsletterOptout' | type='checkbox' | placeholder='' | id=''
2026-06-03 17:30:12 | INFO     | contact_manager |   <textarea> name='message' | type='textarea' | placeholder='' | id='react-aria-_R_54pmhaecqkm_'
2026-06-03 17:30:12 | INFO     | contact_manager |   <textarea> name='message' | type='textarea' | placeholder='' | id='react-aria5515256330-_r_h_'
2026-06-03 17:30:17 | INFO     | contact_manager | [DEBUG] Total : 18 champ(s)
2026-06-03 17:30:19 | INFO     | contact_manager | Champ prenom trouve et rempli.
2026-06-03 17:30:21 | INFO     | contact_manager | Champ nom trouve et rempli.
2026-06-03 17:30:25 | INFO     | contact_manager | Champ email trouve et rempli.
2026-06-03 17:30:30 | INFO     | contact_manager | Champ telephone rempli (hidden JS).
2026-06-03 17:30:30 | INFO     | contact_manager | Recherche du lien Ajouter un message...
2026-06-03 17:30:55 | WARNING  | contact_manager | Lien 'Ajouter un message' introuvable.
2026-06-03 17:30:55 | INFO     | contact_manager | [DEBUG] Divs contenant 'message' :
2026-06-03 17:30:56 | INFO     | contact_manager |   tag=div | texte='' | class='css-1roawh0'
2026-06-03 17:30:56 | INFO     | contact_manager |   tag=div | texte='' | class='css-1roawh0'
2026-06-03 17:30:56 | WARNING  | contact_manager | Bouton 'Ajouter un message' introuvable.
2026-06-03 17:31:16 | WARNING  | contact_manager | Champ message introuvable.
2026-06-03 17:31:16 | INFO     | contact_manager | Simulation — formulaire rempli, envoi non effectue.
2026-06-03 17:31:16 | ERROR    | excel_manager | Impossible d'enregistrer dans Excel : [Errno 13] Permission denied: 'C:\\Users\\tepep\\Bureau\\bot_agence_immo\\data\\annonces_contactees.xlsx'
2026-06-03 17:31:17 | INFO     | main | Temps envoi messages : 1041.5s
2026-06-03 17:31:21 | INFO     | scraper | Navigateur fermé.
2026-06-03 17:31:21 | INFO     | main | ============================================================
2026-06-03 17:31:21 | INFO     | main | RAPPORT FINAL
2026-06-03 17:31:21 | INFO     | main |   Annonces trouvees  : 28
2026-06-03 17:31:21 | INFO     | main |   Annonces analysees : 10
2026-06-03 17:31:21 | INFO     | main |   Messages envoyes   : 10
2026-06-03 17:31:21 | INFO     | main |   ---
2026-06-03 17:31:21 | INFO     | main |   Temps recherche              : 75.9s
2026-06-03 17:31:21 | INFO     | main |   Temps recuperation annonces  : 59.8s
2026-06-03 17:31:21 | INFO     | main |   Temps extraction             : 6.8s
2026-06-03 17:31:21 | INFO     | main |   Temps envoi messages         : 1041.5s
2026-06-03 17:31:21 | INFO     | main |   Temps total                  : 1194.4s
2026-06-03 17:31:21 | INFO     | main | ============================================================
2026-06-03 17:35:52 | INFO     | main | ============================================================
2026-06-03 17:35:52 | INFO     | main | Démarrage du bot SeLoger
2026-06-03 17:35:52 | INFO     | main | Critères : Marseille | location | appartement | <=1600EUR | >=80m2 | >=4p | >=2ch
2026-06-03 17:35:52 | INFO     | main | Messages a envoyer : 10
2026-06-03 17:35:52 | INFO     | main | ============================================================
2026-06-03 17:35:52 | DEBUG    | excel_manager | Fichier Excel existant chargé : C:\Users\tepep\Bureau\bot_agence_immo\data\annonces_contactees.xlsx
2026-06-03 17:35:52 | DEBUG    | excel_manager | 18 lien(s) déjà enregistré(s).
2026-06-03 17:35:52 | INFO     | main | 18 annonce(s) deja contactee(s) en base.
2026-06-03 17:35:52 | INFO     | scraper | Démarrage de Chrome (headless, sans images)...
2026-06-03 17:35:58 | INFO     | scraper | Chrome démarré avec succès.
2026-06-03 17:35:58 | INFO     | city_resolver | Résolution du code SeLoger pour : 'Marseille'
2026-06-03 17:36:27 | INFO     | city_resolver | Recherche du champ ville...
2026-06-03 17:36:28 | INFO     | city_resolver | Champ trouvé avec le sélecteur : input[placeholder='Saisir le lieu ou le code postal']
2026-06-03 17:37:06 | INFO     | city_resolver | Aucun code dans les suggestions — soumission du formulaire...
2026-06-03 17:37:14 | INFO     | city_resolver | Code extrait depuis l'URL : AD08FR4491
2026-06-03 17:37:14 | INFO     | url_builder | URL generee : https://www.seloger.com/classified-search?distributionTypes=Rent&estateTypes=Apartment&locations=AD08FR4491&priceMax=1600&spaceMin=80&numberOfRoomsMin=4&numberOfBedroomsMin=2
2026-06-03 17:37:14 | INFO     | main | Temps recherche : 75.4s
2026-06-03 17:37:14 | INFO     | scraper | URL générée : https://www.seloger.com/classified-search?distributionTypes=Rent&estateTypes=Apartment&locations=AD08FR4491&priceMax=1600&spaceMin=80&numberOfRoomsMin=4&numberOfBedroomsMin=2
2026-06-03 17:37:46 | INFO     | scraper | Collecte des liens — page 1...
2026-06-03 17:37:48 | INFO     | scraper | Page 1 : 30 lien(s) trouvé(s).
2026-06-03 17:37:48 | INFO     | scraper |   -> https://www.seloger.com/annonces/locations/appartement/marseille-13/268728697.htm?serp_view=list&search=distributionTypes%3DRent%26estateTypes%3DApartment%26locations%3DAD08FR4491%26numberOfBedroomsMin%3D2%26numberOfRoomsMin%3D4%26priceMax%3D1600%26spaceMin%3D80#ln=classified_search_results&m=classified_search_results_classified_classified_detail_XL
2026-06-03 17:37:48 | INFO     | scraper |   -> https://www.seloger.com/annonces/locations/appartement/marseille-10eme-13/saint-tronc/269270049.htm?serp_view=list&search=distributionTypes%3DRent%26estateTypes%3DApartment%26locations%3DAD08FR4491%26numberOfBedroomsMin%3D2%26numberOfRoomsMin%3D4%26priceMax%3D1600%26spaceMin%3D80#ln=classified_search_results&m=classified_search_results_classified_classified_detail_L
2026-06-03 17:37:48 | INFO     | scraper |   -> https://www.seloger.com/annonces/locations/appartement/marseille-13/270262717.htm?serp_view=list&search=distributionTypes%3DRent%26estateTypes%3DApartment%26locations%3DAD08FR4491%26numberOfBedroomsMin%3D2%26numberOfRoomsMin%3D4%26priceMax%3D1600%26spaceMin%3D80#ln=classified_search_results&m=classified_search_results_classified_classified_detail_L
2026-06-03 17:38:13 | INFO     | scraper | Total liens collectés : 30
2026-06-03 17:38:13 | INFO     | main | Temps recuperation annonces : 59.1s
2026-06-03 17:38:13 | INFO     | main | Annonces trouvees : 30
2026-06-03 17:38:13 | INFO     | main | 30 nouveaux lien(s) a analyser (0 doublon(s) ignores).
2026-06-03 17:38:13 | INFO     | main | Limite appliquee : 10 annonce(s).
2026-06-03 17:38:13 | INFO     | fetcher | Extraction de 10 fiche(s) — 6 workers parallèles.
2026-06-03 17:38:17 | INFO     | fetcher |   OK : '' |  |  | 
2026-06-03 17:38:18 | INFO     | fetcher |   OK : '' |  |  | 
2026-06-03 17:38:18 | INFO     | fetcher |   OK : '' |  |  | 
2026-06-03 17:38:18 | INFO     | fetcher |   OK : '' |  |  | 
2026-06-03 17:38:18 | INFO     | fetcher |   OK : '' |  |  | 
2026-06-03 17:38:18 | INFO     | fetcher |   OK : '' |  |  | 
2026-06-03 17:38:19 | INFO     | fetcher |   OK : '' |  |  | 
2026-06-03 17:38:19 | INFO     | fetcher |   OK : '' |  |  | 
2026-06-03 17:38:19 | INFO     | fetcher |   OK : '' |  |  | 
2026-06-03 17:38:19 | INFO     | fetcher |   OK : '' |  |  | 
2026-06-03 17:38:19 | INFO     | fetcher | Extraction terminée : 10/10 réussies.
2026-06-03 17:38:19 | INFO     | main | Temps extraction : 6.3s
2026-06-03 17:38:19 | INFO     | main | Annonces analysees : 10
2026-06-03 17:38:19 | INFO     | main | [1/10] https://www.seloger.com/annonces/locations/appartement/marseille-13/268728697.htm?serp_view=list&search=distributionTypes%3DRent%26estateTypes%3DApartment%26locations%3DAD08FR4491%26numberOfBedroomsMin%3D2%26numberOfRoomsMin%3D4%26priceMax%3D1600%26spaceMin%3D80#ln=classified_search_results&m=classified_search_results_classified_classified_detail_XL
2026-06-03 17:38:19 | INFO     | contact_manager | Contact : https://www.seloger.com/annonces/locations/appartement/marseille-13/268728697.htm?serp_view=list&search=distributionTypes%3DRent%26estateTypes%3DApartment%26locations%3DAD08FR4491%26numberOfBedroomsMin%3D2%26numberOfRoomsMin%3D4%26priceMax%3D1600%26spaceMin%3D80#ln=classified_search_results&m=classified_search_results_classified_classified_detail_XL
2026-06-03 17:38:23 | INFO     | contact_manager | Bloqueur Usercentrics installe.
2026-06-03 17:38:40 | INFO     | contact_manager | Annonce enrichie : 'SeLoger' | prix= | surface= | pieces= | ville=
2026-06-03 17:38:40 | INFO     | contact_manager | [DEBUG] URL   : https://www.seloger.com/annonces/locations/appartement/marseille-13/268728697.htm?serp_view=list&search=distributionTypes%3DRent%26estateTypes%3DApartment%26locations%3DAD08FR4491%26numberOfBedroomsMin%3D2%26numberOfRoomsMin%3D4%26priceMax%3D1600%26spaceMin%3D80#ln=classified_search_results&m=classified_search_results_classified_classified_detail_XL
2026-06-03 17:38:40 | INFO     | contact_manager | [DEBUG] Titre : Appartement à louer T4/F4 85 m² 1380 € Mazargues Marseille (13009)
2026-06-03 17:38:49 | INFO     | contact_manager | [DEBUG] 1 bouton(s) de contact :
2026-06-03 17:38:49 | INFO     | contact_manager |   texte='Contacter l'agence'
2026-06-03 17:39:06 | INFO     | contact_manager | Clic bouton contact effectue.
2026-06-03 17:39:06 | INFO     | contact_manager | Formulaire contact apparu.
2026-06-03 17:39:06 | INFO     | contact_manager | [DEBUG] Inventaire champs :
2026-06-03 17:39:06 | INFO     | contact_manager |   <input> name='firstName' | type='text' | placeholder='' | id='react-aria-_R_18pmhaecqkm_'
2026-06-03 17:39:06 | INFO     | contact_manager |   <input> name='lastName' | type='text' | placeholder='' | id='react-aria-_R_28pmhaecqkm_'
2026-06-03 17:39:06 | INFO     | contact_manager |   <input> name='email' | type='email' | placeholder='exemple@domain.com' | id='react-aria-_R_cpmhaecqkm_'
2026-06-03 17:39:06 | INFO     | contact_manager |   <input> name='' | type='text' | placeholder='' | id='react-aria3257274677-_r_4_'
2026-06-03 17:39:06 | INFO     | contact_manager |   <input> name='' | type='text' | placeholder='' | id='react-aria-_R_gpmhaecqkm_'
2026-06-03 17:39:06 | INFO     | contact_manager |   <input> name='phoneNumber' | type='hidden' | placeholder='' | id=''
2026-06-03 17:39:06 | INFO     | contact_manager |   <input> name='isOwner' | type='checkbox' | placeholder='' | id=''
2026-06-03 17:39:06 | INFO     | contact_manager |   <input> name='newsletterOptout' | type='checkbox' | placeholder='' | id=''
2026-06-03 17:39:06 | INFO     | contact_manager |   <input> name='firstName' | type='text' | placeholder='' | id='react-aria3257274677-_r_m_'
2026-06-03 17:39:07 | INFO     | contact_manager |   <input> name='lastName' | type='text' | placeholder='' | id='react-aria3257274677-_r_r_'
2026-06-03 17:39:07 | INFO     | contact_manager |   <input> name='email' | type='email' | placeholder='exemple@domain.com' | id='react-aria3257274677-_r_10_'
2026-06-03 17:39:07 | INFO     | contact_manager |   <input> name='' | type='text' | placeholder='' | id='react-aria3257274677-_r_1d_'
2026-06-03 17:39:07 | INFO     | contact_manager |   <input> name='' | type='text' | placeholder='' | id='react-aria3257274677-_r_15_'
2026-06-03 17:39:07 | INFO     | contact_manager |   <input> name='phoneNumber' | type='hidden' | placeholder='' | id=''
2026-06-03 17:39:07 | INFO     | contact_manager |   <input> name='isOwner' | type='checkbox' | placeholder='' | id=''
2026-06-03 17:39:07 | INFO     | contact_manager |   <input> name='newsletterOptout' | type='checkbox' | placeholder='' | id=''
2026-06-03 17:39:07 | INFO     | contact_manager |   <textarea> name='message' | type='textarea' | placeholder='' | id='react-aria-_R_54pmhaecqkm_'
2026-06-03 17:39:07 | INFO     | contact_manager |   <textarea> name='message' | type='textarea' | placeholder='' | id='react-aria3257274677-_r_h_'
2026-06-03 17:39:12 | INFO     | contact_manager | [DEBUG] Total : 18 champ(s)
2026-06-03 17:39:14 | INFO     | contact_manager | Champ prenom trouve et rempli.
2026-06-03 17:39:15 | INFO     | contact_manager | Champ nom trouve et rempli.
2026-06-03 17:39:20 | INFO     | contact_manager | Champ email trouve et rempli.
2026-06-03 17:39:25 | INFO     | contact_manager | Champ telephone rempli (hidden JS).
2026-06-03 17:39:25 | INFO     | contact_manager | Recherche du lien Ajouter un message...
2026-06-03 17:39:50 | WARNING  | contact_manager | Lien 'Ajouter un message' introuvable.
2026-06-03 17:39:50 | INFO     | contact_manager | [DEBUG] Divs contenant 'message' :
2026-06-03 17:39:50 | INFO     | contact_manager |   tag=div | texte='' | class='css-1roawh0'
2026-06-03 17:39:50 | INFO     | contact_manager |   tag=div | texte='' | class='css-1roawh0'
2026-06-03 17:39:50 | WARNING  | contact_manager | Bouton 'Ajouter un message' introuvable.
2026-06-03 17:40:11 | WARNING  | contact_manager | Champ message introuvable.
2026-06-03 17:40:11 | INFO     | contact_manager | Simulation — formulaire rempli, envoi non effectue.
2026-06-03 17:40:11 | ERROR    | excel_manager | Impossible d'enregistrer dans Excel : [Errno 13] Permission denied: 'C:\\Users\\tepep\\Bureau\\bot_agence_immo\\data\\annonces_contactees.xlsx'
2026-06-03 17:40:12 | INFO     | main | [2/10] https://www.seloger.com/annonces/locations/appartement/marseille-13/270262717.htm?serp_view=list&search=distributionTypes%3DRent%26estateTypes%3DApartment%26locations%3DAD08FR4491%26numberOfBedroomsMin%3D2%26numberOfRoomsMin%3D4%26priceMax%3D1600%26spaceMin%3D80#ln=classified_search_results&m=classified_search_results_classified_classified_detail_L
2026-06-03 17:40:12 | INFO     | contact_manager | Contact : https://www.seloger.com/annonces/locations/appartement/marseille-13/270262717.htm?serp_view=list&search=distributionTypes%3DRent%26estateTypes%3DApartment%26locations%3DAD08FR4491%26numberOfBedroomsMin%3D2%26numberOfRoomsMin%3D4%26priceMax%3D1600%26spaceMin%3D80#ln=classified_search_results&m=classified_search_results_classified_classified_detail_L
2026-06-03 17:40:16 | INFO     | contact_manager | Bloqueur Usercentrics installe.
2026-06-03 17:40:35 | INFO     | contact_manager | Annonce enrichie : 'SeLoger' | prix= | surface= | pieces= | ville=
2026-06-03 17:40:35 | INFO     | contact_manager | [DEBUG] URL   : https://www.seloger.com/annonces/locations/appartement/marseille-1er-13/noailles/270262717.htm?search=distributionTypes%3DRent%26estateTypes%3DApartment%26locations%3DAD08FR4491%26numberOfBedroomsMin%3D2%26numberOfRoomsMin%3D4%26priceMax%3D1600%26spaceMin%3D80&serp_view=list#ln=classified_search_results&m=classified_search_results_classified_classified_detail_L
2026-06-03 17:40:35 | INFO     | contact_manager | [DEBUG] Titre : Appartement à louer T7/F7 162.9 m² 710 € Noailles Marseille (13001)
2026-06-03 17:40:45 | INFO     | contact_manager | [DEBUG] 1 bouton(s) de contact :
2026-06-03 17:40:45 | INFO     | contact_manager |   texte='Contacter l'agence'
2026-06-03 17:41:02 | INFO     | contact_manager | Clic bouton contact effectue.
2026-06-03 17:41:02 | INFO     | contact_manager | Formulaire contact apparu.
2026-06-03 17:41:02 | INFO     | contact_manager | [DEBUG] Inventaire champs :
2026-06-03 17:41:02 | INFO     | contact_manager |   <input> name='firstName' | type='text' | placeholder='' | id='react-aria-_R_18pmhaecqkm_'
2026-06-03 17:41:02 | INFO     | contact_manager |   <input> name='lastName' | type='text' | placeholder='' | id='react-aria-_R_28pmhaecqkm_'
2026-06-03 17:41:02 | INFO     | contact_manager |   <input> name='email' | type='email' | placeholder='exemple@domain.com' | id='react-aria-_R_cpmhaecqkm_'
2026-06-03 17:41:02 | INFO     | contact_manager |   <input> name='' | type='text' | placeholder='' | id='react-aria7460843110-_r_4_'
2026-06-03 17:41:02 | INFO     | contact_manager |   <input> name='' | type='text' | placeholder='' | id='react-aria-_R_gpmhaecqkm_'
2026-06-03 17:41:02 | INFO     | contact_manager |   <input> name='phoneNumber' | type='hidden' | placeholder='' | id=''
2026-06-03 17:41:02 | INFO     | contact_manager |   <input> name='isOwner' | type='checkbox' | placeholder='' | id=''
2026-06-03 17:41:02 | INFO     | contact_manager |   <input> name='newsletterOptout' | type='checkbox' | placeholder='' | id=''
2026-06-03 17:41:02 | INFO     | contact_manager |   <input> name='firstName' | type='text' | placeholder='' | id='react-aria7460843110-_r_m_'
2026-06-03 17:41:02 | INFO     | contact_manager |   <input> name='lastName' | type='text' | placeholder='' | id='react-aria7460843110-_r_r_'
2026-06-03 17:41:02 | INFO     | contact_manager |   <input> name='email' | type='email' | placeholder='exemple@domain.com' | id='react-aria7460843110-_r_10_'
2026-06-03 17:41:02 | INFO     | contact_manager |   <input> name='' | type='text' | placeholder='' | id='react-aria7460843110-_r_1d_'
2026-06-03 17:41:02 | INFO     | contact_manager |   <input> name='' | type='text' | placeholder='' | id='react-aria7460843110-_r_15_'
2026-06-03 17:41:02 | INFO     | contact_manager |   <input> name='phoneNumber' | type='hidden' | placeholder='' | id=''
2026-06-03 17:41:03 | INFO     | contact_manager |   <input> name='isOwner' | type='checkbox' | placeholder='' | id=''
2026-06-03 17:41:03 | INFO     | contact_manager |   <input> name='newsletterOptout' | type='checkbox' | placeholder='' | id=''
2026-06-03 17:41:03 | INFO     | contact_manager |   <textarea> name='message' | type='textarea' | placeholder='' | id='react-aria-_R_54pmhaecqkm_'
2026-06-03 17:41:03 | INFO     | contact_manager |   <textarea> name='message' | type='textarea' | placeholder='' | id='react-aria7460843110-_r_h_'
2026-06-03 17:41:08 | INFO     | contact_manager | [DEBUG] Total : 18 champ(s)
2026-06-03 17:41:10 | INFO     | contact_manager | Champ prenom trouve et rempli.
2026-06-03 17:41:11 | INFO     | contact_manager | Champ nom trouve et rempli.
2026-06-03 17:41:15 | INFO     | contact_manager | Champ email trouve et rempli.
2026-06-03 17:41:21 | INFO     | contact_manager | Champ telephone rempli (hidden JS).
2026-06-03 17:41:21 | INFO     | contact_manager | Recherche du lien Ajouter un message...
2026-06-03 17:41:46 | WARNING  | contact_manager | Lien 'Ajouter un message' introuvable.
2026-06-03 17:41:46 | INFO     | contact_manager | [DEBUG] Divs contenant 'message' :
2026-06-03 17:41:46 | INFO     | contact_manager |   tag=div | texte='' | class='css-1roawh0'
2026-06-03 17:41:46 | INFO     | contact_manager |   tag=div | texte='' | class='css-1roawh0'
2026-06-03 17:41:46 | WARNING  | contact_manager | Bouton 'Ajouter un message' introuvable.
2026-06-03 17:42:07 | WARNING  | contact_manager | Champ message introuvable.
2026-06-03 17:42:07 | INFO     | contact_manager | Simulation — formulaire rempli, envoi non effectue.
2026-06-03 17:42:07 | ERROR    | excel_manager | Impossible d'enregistrer dans Excel : [Errno 13] Permission denied: 'C:\\Users\\tepep\\Bureau\\bot_agence_immo\\data\\annonces_contactees.xlsx'
2026-06-03 17:42:08 | INFO     | main | [3/10] https://www.seloger.com/annonces/locations/appartement/marseille-10eme-13/saint-tronc/269270049.htm?serp_view=list&search=distributionTypes%3DRent%26estateTypes%3DApartment%26locations%3DAD08FR4491%26numberOfBedroomsMin%3D2%26numberOfRoomsMin%3D4%26priceMax%3D1600%26spaceMin%3D80#ln=classified_search_results&m=classified_search_results_classified_classified_detail_L
2026-06-03 17:42:08 | INFO     | contact_manager | Contact : https://www.seloger.com/annonces/locations/appartement/marseille-10eme-13/saint-tronc/269270049.htm?serp_view=list&search=distributionTypes%3DRent%26estateTypes%3DApartment%26locations%3DAD08FR4491%26numberOfBedroomsMin%3D2%26numberOfRoomsMin%3D4%26priceMax%3D1600%26spaceMin%3D80#ln=classified_search_results&m=classified_search_results_classified_classified_detail_L
2026-06-03 17:42:11 | INFO     | contact_manager | Bloqueur Usercentrics installe.
2026-06-03 17:42:28 | INFO     | contact_manager | Annonce enrichie : 'SeLoger' | prix= | surface= | pieces= | ville=
2026-06-03 17:42:28 | INFO     | contact_manager | [DEBUG] URL   : https://www.seloger.com/annonces/locations/appartement/marseille-10eme-13/saint-tronc/269270049.htm?serp_view=list&search=distributionTypes%3DRent%26estateTypes%3DApartment%26locations%3DAD08FR4491%26numberOfBedroomsMin%3D2%26numberOfRoomsMin%3D4%26priceMax%3D1600%26spaceMin%3D80#ln=classified_search_results&m=classified_search_results_classified_classified_detail_L
2026-06-03 17:42:28 | INFO     | contact_manager | [DEBUG] Titre : Appartement à louer T4/F4 81 m² 1300 € Saint Tronc Marseille (13010)
2026-06-03 17:42:38 | WARNING  | contact_manager | Aucun bouton de contact trouve.
2026-06-03 17:42:38 | INFO     | contact_manager | [DEBUG] Inventaire champs :
2026-06-03 17:42:38 | INFO     | contact_manager |   <input> name='firstName' | type='text' | placeholder='' | id='react-aria3430274417-_r_p_'
2026-06-03 17:42:38 | INFO     | contact_manager |   <input> name='lastName' | type='text' | placeholder='' | id='react-aria3430274417-_r_u_'
2026-06-03 17:42:38 | INFO     | contact_manager |   <input> name='email' | type='email' | placeholder='exemple@domain.com' | id='react-aria3430274417-_r_13_'
2026-06-03 17:42:38 | INFO     | contact_manager |   <input> name='' | type='text' | placeholder='' | id='react-aria3430274417-_r_1g_'
2026-06-03 17:42:38 | INFO     | contact_manager |   <input> name='' | type='text' | placeholder='' | id='react-aria3430274417-_r_18_'
2026-06-03 17:42:38 | INFO     | contact_manager |   <input> name='phoneNumber' | type='hidden' | placeholder='' | id=''
2026-06-03 17:42:38 | INFO     | contact_manager |   <input> name='newsletterOptout' | type='checkbox' | placeholder='' | id=''
2026-06-03 17:42:38 | INFO     | contact_manager |   <input> name='firstName' | type='text' | placeholder='' | id='react-aria3430274417-_r_2c_'
2026-06-03 17:42:38 | INFO     | contact_manager |   <input> name='lastName' | type='text' | placeholder='' | id='react-aria3430274417-_r_2h_'
2026-06-03 17:42:38 | INFO     | contact_manager |   <input> name='email' | type='email' | placeholder='exemple@domain.com' | id='react-aria3430274417-_r_2m_'
2026-06-03 17:42:38 | INFO     | contact_manager |   <input> name='' | type='text' | placeholder='' | id='react-aria3430274417-_r_33_'
2026-06-03 17:42:38 | INFO     | contact_manager |   <input> name='' | type='text' | placeholder='' | id='react-aria3430274417-_r_2r_'
2026-06-03 17:42:38 | INFO     | contact_manager |   <input> name='phoneNumber' | type='hidden' | placeholder='' | id=''
2026-06-03 17:42:38 | INFO     | contact_manager |   <input> name='newsletterOptout' | type='checkbox' | placeholder='' | id=''
2026-06-03 17:42:39 | INFO     | contact_manager |   <textarea> name='message' | type='textarea' | placeholder='' | id='react-aria3430274417-_r_k_'
2026-06-03 17:42:39 | INFO     | contact_manager |   <textarea> name='message' | type='textarea' | placeholder='' | id='react-aria3430274417-_r_27_'
2026-06-03 17:42:44 | INFO     | contact_manager | [DEBUG] Total : 16 champ(s)
2026-06-03 17:42:45 | INFO     | contact_manager | Champ prenom trouve et rempli.
2026-06-03 17:42:46 | INFO     | contact_manager | Champ nom trouve et rempli.
2026-06-03 17:42:50 | INFO     | contact_manager | Champ email trouve et rempli.
2026-06-03 17:42:55 | INFO     | contact_manager | Champ telephone rempli (hidden JS).
2026-06-03 17:42:55 | INFO     | contact_manager | Recherche du lien Ajouter un message...
2026-06-03 17:43:20 | WARNING  | contact_manager | Lien 'Ajouter un message' introuvable.
2026-06-03 17:43:20 | INFO     | contact_manager | [DEBUG] Divs contenant 'message' :
2026-06-03 17:43:20 | INFO     | contact_manager |   tag=div | texte='' | class='css-1roawh0'
2026-06-03 17:43:20 | INFO     | contact_manager |   tag=div | texte='En ajoutant un message personnalisé, vous avez plus de chances d'obtenir une rép' | class='css-1roawh0'
2026-06-03 17:43:20 | WARNING  | contact_manager | Bouton 'Ajouter un message' introuvable.
2026-06-03 17:43:41 | WARNING  | contact_manager | Champ message introuvable.
2026-06-03 17:43:41 | INFO     | contact_manager | Simulation — formulaire rempli, envoi non effectue.
2026-06-03 17:43:41 | ERROR    | excel_manager | Impossible d'enregistrer dans Excel : [Errno 13] Permission denied: 'C:\\Users\\tepep\\Bureau\\bot_agence_immo\\data\\annonces_contactees.xlsx'
2026-06-03 17:43:42 | INFO     | main | [4/10] https://www.seloger.com/annonces/locations/appartement/marseille-13/270796453.htm?serp_view=list&search=distributionTypes%3DRent%26estateTypes%3DApartment%26locations%3DAD08FR4491%26numberOfBedroomsMin%3D2%26numberOfRoomsMin%3D4%26priceMax%3D1600%26spaceMin%3D80#ln=classified_search_results&m=classified_search_results_classified_classified_detail_L
2026-06-03 17:43:42 | INFO     | contact_manager | Contact : https://www.seloger.com/annonces/locations/appartement/marseille-13/270796453.htm?serp_view=list&search=distributionTypes%3DRent%26estateTypes%3DApartment%26locations%3DAD08FR4491%26numberOfBedroomsMin%3D2%26numberOfRoomsMin%3D4%26priceMax%3D1600%26spaceMin%3D80#ln=classified_search_results&m=classified_search_results_classified_classified_detail_L
2026-06-03 17:43:46 | INFO     | contact_manager | Bloqueur Usercentrics installe.
2026-06-03 17:44:03 | INFO     | contact_manager | Annonce enrichie : 'SeLoger' | prix= | surface= | pieces= | ville=
2026-06-03 17:44:03 | INFO     | contact_manager | [DEBUG] URL   : https://www.seloger.com/annonces/locations/appartement/marseille-12eme-13/les-caillols/270796453.htm?search=distributionTypes%3DRent%26estateTypes%3DApartment%26locations%3DAD08FR4491%26numberOfBedroomsMin%3D2%26numberOfRoomsMin%3D4%26priceMax%3D1600%26spaceMin%3D80&serp_view=list#ln=classified_search_results&m=classified_search_results_classified_classified_detail_L
2026-06-03 17:44:03 | INFO     | contact_manager | [DEBUG] Titre : Appartement à louer T5/F5 84.42 m² 1280 € Les Caillols Marseille (13012)
2026-06-03 17:44:12 | INFO     | contact_manager | [DEBUG] 1 bouton(s) de contact :
2026-06-03 17:44:13 | INFO     | contact_manager |   texte='Contacter l'agence'
2026-06-03 17:44:29 | INFO     | contact_manager | Clic bouton contact effectue.
2026-06-03 17:44:29 | INFO     | contact_manager | Formulaire contact apparu.
2026-06-03 17:44:29 | INFO     | contact_manager | [DEBUG] Inventaire champs :
2026-06-03 17:44:29 | INFO     | contact_manager |   <input> name='firstName' | type='text' | placeholder='' | id='react-aria-_R_18pmhaecqkm_'
2026-06-03 17:44:29 | INFO     | contact_manager |   <input> name='lastName' | type='text' | placeholder='' | id='react-aria-_R_28pmhaecqkm_'
2026-06-03 17:44:29 | INFO     | contact_manager |   <input> name='email' | type='email' | placeholder='exemple@domain.com' | id='react-aria-_R_cpmhaecqkm_'
2026-06-03 17:44:29 | INFO     | contact_manager |   <input> name='' | type='text' | placeholder='' | id='react-aria5526251306-_r_4_'
2026-06-03 17:44:29 | INFO     | contact_manager |   <input> name='' | type='text' | placeholder='' | id='react-aria-_R_gpmhaecqkm_'
2026-06-03 17:44:29 | INFO     | contact_manager |   <input> name='phoneNumber' | type='hidden' | placeholder='' | id=''
2026-06-03 17:44:29 | INFO     | contact_manager |   <input> name='isOwner' | type='checkbox' | placeholder='' | id=''
2026-06-03 17:44:29 | INFO     | contact_manager |   <input> name='newsletterOptout' | type='checkbox' | placeholder='' | id=''
2026-06-03 17:44:29 | INFO     | contact_manager |   <input> name='firstName' | type='text' | placeholder='' | id='react-aria5526251306-_r_m_'
2026-06-03 17:44:29 | INFO     | contact_manager |   <input> name='lastName' | type='text' | placeholder='' | id='react-aria5526251306-_r_r_'
2026-06-03 17:44:29 | INFO     | contact_manager |   <input> name='email' | type='email' | placeholder='exemple@domain.com' | id='react-aria5526251306-_r_10_'
2026-06-03 17:44:29 | INFO     | contact_manager |   <input> name='' | type='text' | placeholder='' | id='react-aria5526251306-_r_1d_'
2026-06-03 17:44:29 | INFO     | contact_manager |   <input> name='' | type='text' | placeholder='' | id='react-aria5526251306-_r_15_'
2026-06-03 17:44:30 | INFO     | contact_manager |   <input> name='phoneNumber' | type='hidden' | placeholder='' | id=''
2026-06-03 17:44:30 | INFO     | contact_manager |   <input> name='isOwner' | type='checkbox' | placeholder='' | id=''
2026-06-03 17:44:30 | INFO     | contact_manager |   <input> name='newsletterOptout' | type='checkbox' | placeholder='' | id=''
2026-06-03 17:44:30 | INFO     | contact_manager |   <textarea> name='message' | type='textarea' | placeholder='' | id='react-aria-_R_54pmhaecqkm_'
2026-06-03 17:44:30 | INFO     | contact_manager |   <textarea> name='message' | type='textarea' | placeholder='' | id='react-aria5526251306-_r_h_'
2026-06-03 17:44:35 | INFO     | contact_manager | [DEBUG] Total : 18 champ(s)
2026-06-03 17:44:37 | INFO     | contact_manager | Champ prenom trouve et rempli.
2026-06-03 17:44:38 | INFO     | contact_manager | Champ nom trouve et rempli.
2026-06-03 17:44:43 | INFO     | contact_manager | Champ email trouve et rempli.
2026-06-03 17:44:48 | INFO     | contact_manager | Champ telephone rempli (hidden JS).
2026-06-03 17:44:48 | INFO     | contact_manager | Recherche du lien Ajouter un message...
2026-06-03 17:45:13 | WARNING  | contact_manager | Lien 'Ajouter un message' introuvable.
2026-06-03 17:45:13 | INFO     | contact_manager | [DEBUG] Divs contenant 'message' :
2026-06-03 17:45:13 | INFO     | contact_manager |   tag=div | texte='' | class='css-1roawh0'
2026-06-03 17:45:13 | INFO     | contact_manager |   tag=div | texte='' | class='css-1roawh0'
2026-06-03 17:45:13 | WARNING  | contact_manager | Bouton 'Ajouter un message' introuvable.
2026-06-03 17:45:34 | WARNING  | contact_manager | Champ message introuvable.
2026-06-03 17:45:34 | INFO     | contact_manager | Simulation — formulaire rempli, envoi non effectue.
2026-06-03 17:45:34 | ERROR    | excel_manager | Impossible d'enregistrer dans Excel : [Errno 13] Permission denied: 'C:\\Users\\tepep\\Bureau\\bot_agence_immo\\data\\annonces_contactees.xlsx'
2026-06-03 17:45:34 | INFO     | main | [5/10] https://www.seloger.com/annonces/locations/appartement/marseille-12eme-13/les-trois-lucs/270646711.htm?serp_view=list&search=distributionTypes%3DRent%26estateTypes%3DApartment%26locations%3DAD08FR4491%26numberOfBedroomsMin%3D2%26numberOfRoomsMin%3D4%26priceMax%3D1600%26spaceMin%3D80#ln=classified_search_results&m=classified_search_results_classified_classified_detail_L
2026-06-03 17:45:34 | INFO     | contact_manager | Contact : https://www.seloger.com/annonces/locations/appartement/marseille-12eme-13/les-trois-lucs/270646711.htm?serp_view=list&search=distributionTypes%3DRent%26estateTypes%3DApartment%26locations%3DAD08FR4491%26numberOfBedroomsMin%3D2%26numberOfRoomsMin%3D4%26priceMax%3D1600%26spaceMin%3D80#ln=classified_search_results&m=classified_search_results_classified_classified_detail_L
2026-06-03 17:45:39 | INFO     | contact_manager | Bloqueur Usercentrics installe.
2026-06-03 17:45:57 | INFO     | contact_manager | Annonce enrichie : 'SeLoger' | prix= | surface= | pieces= | ville=
2026-06-03 17:45:57 | INFO     | contact_manager | [DEBUG] URL   : https://www.seloger.com/annonces/locations/appartement/marseille-12eme-13/les-trois-lucs/270646711.htm?serp_view=list&search=distributionTypes%3DRent%26estateTypes%3DApartment%26locations%3DAD08FR4491%26numberOfBedroomsMin%3D2%26numberOfRoomsMin%3D4%26priceMax%3D1600%26spaceMin%3D80#ln=classified_search_results&m=classified_search_results_classified_classified_detail_L
2026-06-03 17:45:57 | INFO     | contact_manager | [DEBUG] Titre : Appartement à louer T4/F4 81 m² 1330 € Les Trois Lucs Marseille (13012)
2026-06-03 17:46:08 | WARNING  | contact_manager | Aucun bouton de contact trouve.
2026-06-03 17:46:08 | INFO     | contact_manager | [DEBUG] Inventaire champs :
2026-06-03 17:46:08 | INFO     | contact_manager |   <input> name='firstName' | type='text' | placeholder='' | id='react-aria-_R_18pmhaecqkm_'
2026-06-03 17:46:08 | INFO     | contact_manager |   <input> name='lastName' | type='text' | placeholder='' | id='react-aria-_R_28pmhaecqkm_'
2026-06-03 17:46:08 | INFO     | contact_manager |   <input> name='email' | type='email' | placeholder='exemple@domain.com' | id='react-aria-_R_cpmhaecqkm_'
2026-06-03 17:46:08 | INFO     | contact_manager |   <input> name='' | type='text' | placeholder='' | id='react-aria4673457983-_r_4_'
2026-06-03 17:46:08 | INFO     | contact_manager |   <input> name='' | type='text' | placeholder='' | id='react-aria-_R_gpmhaecqkm_'
2026-06-03 17:46:08 | INFO     | contact_manager |   <input> name='phoneNumber' | type='hidden' | placeholder='' | id=''
2026-06-03 17:46:08 | INFO     | contact_manager |   <input> name='isOwner' | type='checkbox' | placeholder='' | id=''
2026-06-03 17:46:08 | INFO     | contact_manager |   <input> name='newsletterOptout' | type='checkbox' | placeholder='' | id=''
2026-06-03 17:46:08 | INFO     | contact_manager |   <input> name='firstName' | type='text' | placeholder='' | id='react-aria4673457983-_r_m_'
2026-06-03 17:46:09 | INFO     | contact_manager |   <input> name='lastName' | type='text' | placeholder='' | id='react-aria4673457983-_r_r_'
2026-06-03 17:46:09 | INFO     | contact_manager |   <input> name='email' | type='email' | placeholder='exemple@domain.com' | id='react-aria4673457983-_r_10_'
2026-06-03 17:46:09 | INFO     | contact_manager |   <input> name='' | type='text' | placeholder='' | id='react-aria4673457983-_r_1d_'
2026-06-03 17:46:09 | INFO     | contact_manager |   <input> name='' | type='text' | placeholder='' | id='react-aria4673457983-_r_15_'
2026-06-03 17:46:09 | INFO     | contact_manager |   <input> name='phoneNumber' | type='hidden' | placeholder='' | id=''
2026-06-03 17:46:09 | INFO     | contact_manager |   <input> name='isOwner' | type='checkbox' | placeholder='' | id=''
2026-06-03 17:46:09 | INFO     | contact_manager |   <input> name='newsletterOptout' | type='checkbox' | placeholder='' | id=''
2026-06-03 17:46:09 | INFO     | contact_manager |   <textarea> name='message' | type='textarea' | placeholder='' | id='react-aria-_R_54pmhaecqkm_'
2026-06-03 17:46:09 | INFO     | contact_manager |   <textarea> name='message' | type='textarea' | placeholder='' | id='react-aria4673457983-_r_h_'
2026-06-03 17:46:14 | INFO     | contact_manager | [DEBUG] Total : 18 champ(s)
2026-06-03 17:46:16 | INFO     | contact_manager | Champ prenom trouve et rempli.
2026-06-03 17:46:17 | INFO     | contact_manager | Champ nom trouve et rempli.
2026-06-03 17:46:21 | INFO     | contact_manager | Champ email trouve et rempli.
2026-06-03 17:46:26 | INFO     | contact_manager | Champ telephone rempli (hidden JS).
2026-06-03 17:46:26 | INFO     | contact_manager | Recherche du lien Ajouter un message...
2026-06-03 17:46:51 | WARNING  | contact_manager | Lien 'Ajouter un message' introuvable.
2026-06-03 17:46:51 | INFO     | contact_manager | [DEBUG] Divs contenant 'message' :
2026-06-03 17:46:52 | INFO     | contact_manager |   tag=div | texte='' | class='css-1roawh0'
2026-06-03 17:46:52 | INFO     | contact_manager |   tag=div | texte='En ajoutant un message personnalisé, vous avez plus de chances d'obtenir une rép' | class='css-1roawh0'
2026-06-03 17:46:52 | WARNING  | contact_manager | Bouton 'Ajouter un message' introuvable.
2026-06-03 17:47:13 | WARNING  | contact_manager | Champ message introuvable.
2026-06-03 17:47:13 | INFO     | contact_manager | Simulation — formulaire rempli, envoi non effectue.
2026-06-03 17:47:13 | ERROR    | excel_manager | Impossible d'enregistrer dans Excel : [Errno 13] Permission denied: 'C:\\Users\\tepep\\Bureau\\bot_agence_immo\\data\\annonces_contactees.xlsx'
2026-06-03 17:47:14 | INFO     | main | [6/10] https://www.seloger.com/annonces/locations/appartement/marseille-9eme-13/la-panouse/263183147.htm?serp_view=list&search=distributionTypes%3DRent%26estateTypes%3DApartment%26locations%3DAD08FR4491%26numberOfBedroomsMin%3D2%26numberOfRoomsMin%3D4%26priceMax%3D1600%26spaceMin%3D80#ln=classified_search_results&m=classified_search_results_classified_classified_detail_L
2026-06-03 17:47:14 | INFO     | contact_manager | Contact : https://www.seloger.com/annonces/locations/appartement/marseille-9eme-13/la-panouse/263183147.htm?serp_view=list&search=distributionTypes%3DRent%26estateTypes%3DApartment%26locations%3DAD08FR4491%26numberOfBedroomsMin%3D2%26numberOfRoomsMin%3D4%26priceMax%3D1600%26spaceMin%3D80#ln=classified_search_results&m=classified_search_results_classified_classified_detail_L
2026-06-03 17:47:17 | INFO     | contact_manager | Bloqueur Usercentrics installe.
2026-06-03 17:47:34 | INFO     | contact_manager | Annonce enrichie : 'SeLoger' | prix= | surface= | pieces= | ville=
2026-06-03 17:47:34 | INFO     | contact_manager | [DEBUG] URL   : https://www.seloger.com/annonces/locations/appartement/marseille-13/263183147.htm?search=distributionTypes%3DRent%26estateTypes%3DApartment%26locations%3DAD08FR4491%26numberOfBedroomsMin%3D2%26numberOfRoomsMin%3D4%26priceMax%3D1600%26spaceMin%3D80&serp_view=list#ln=classified_search_results&m=classified_search_results_classified_classified_detail_L
2026-06-03 17:47:34 | INFO     | contact_manager | [DEBUG] Titre : Appartement à louer T5/F5 100 m² 608 € Le Cabot Marseille (13009)
2026-06-03 17:47:44 | INFO     | contact_manager | [DEBUG] 1 bouton(s) de contact :
2026-06-03 17:47:44 | INFO     | contact_manager |   texte='Contacter l'agence'
2026-06-03 17:48:00 | INFO     | contact_manager | Clic bouton contact effectue.
2026-06-03 17:48:00 | INFO     | contact_manager | Formulaire contact apparu.
2026-06-03 17:48:00 | INFO     | contact_manager | [DEBUG] Inventaire champs :
2026-06-03 17:48:00 | INFO     | contact_manager |   <input> name='firstName' | type='text' | placeholder='' | id='react-aria-_R_18pmhaecqkm_'
2026-06-03 17:48:00 | INFO     | contact_manager |   <input> name='lastName' | type='text' | placeholder='' | id='react-aria-_R_28pmhaecqkm_'
2026-06-03 17:48:00 | INFO     | contact_manager |   <input> name='email' | type='email' | placeholder='exemple@domain.com' | id='react-aria-_R_cpmhaecqkm_'
2026-06-03 17:48:00 | INFO     | contact_manager |   <input> name='' | type='text' | placeholder='' | id='react-aria320159591-_r_4_'
2026-06-03 17:48:00 | INFO     | contact_manager |   <input> name='' | type='text' | placeholder='' | id='react-aria-_R_gpmhaecqkm_'
2026-06-03 17:48:00 | INFO     | contact_manager |   <input> name='phoneNumber' | type='hidden' | placeholder='' | id=''
2026-06-03 17:48:00 | INFO     | contact_manager |   <input> name='isOwner' | type='checkbox' | placeholder='' | id=''
2026-06-03 17:48:00 | INFO     | contact_manager |   <input> name='newsletterOptout' | type='checkbox' | placeholder='' | id=''
2026-06-03 17:48:00 | INFO     | contact_manager |   <input> name='firstName' | type='text' | placeholder='' | id='react-aria320159591-_r_m_'
2026-06-03 17:48:00 | INFO     | contact_manager |   <input> name='lastName' | type='text' | placeholder='' | id='react-aria320159591-_r_r_'
2026-06-03 17:48:00 | INFO     | contact_manager |   <input> name='email' | type='email' | placeholder='exemple@domain.com' | id='react-aria320159591-_r_10_'
2026-06-03 17:48:00 | INFO     | contact_manager |   <input> name='' | type='text' | placeholder='' | id='react-aria320159591-_r_1d_'
2026-06-03 17:48:01 | INFO     | contact_manager |   <input> name='' | type='text' | placeholder='' | id='react-aria320159591-_r_15_'
2026-06-03 17:48:01 | INFO     | contact_manager |   <input> name='phoneNumber' | type='hidden' | placeholder='' | id=''
2026-06-03 17:48:01 | INFO     | contact_manager |   <input> name='isOwner' | type='checkbox' | placeholder='' | id=''
2026-06-03 17:48:01 | INFO     | contact_manager |   <input> name='newsletterOptout' | type='checkbox' | placeholder='' | id=''
2026-06-03 17:48:01 | INFO     | contact_manager |   <textarea> name='message' | type='textarea' | placeholder='' | id='react-aria-_R_54pmhaecqkm_'
2026-06-03 17:48:01 | INFO     | contact_manager |   <textarea> name='message' | type='textarea' | placeholder='' | id='react-aria320159591-_r_h_'
2026-06-03 17:48:06 | INFO     | contact_manager | [DEBUG] Total : 18 champ(s)
2026-06-03 17:48:08 | INFO     | contact_manager | Champ prenom trouve et rempli.
2026-06-03 17:48:09 | INFO     | contact_manager | Champ nom trouve et rempli.
2026-06-03 17:48:14 | INFO     | contact_manager | Champ email trouve et rempli.
2026-06-03 17:48:19 | INFO     | contact_manager | Champ telephone rempli (hidden JS).
2026-06-03 17:48:19 | INFO     | contact_manager | Recherche du lien Ajouter un message...
2026-06-03 17:48:45 | WARNING  | contact_manager | Lien 'Ajouter un message' introuvable.
2026-06-03 17:48:45 | INFO     | contact_manager | [DEBUG] Divs contenant 'message' :
2026-06-03 17:48:45 | INFO     | contact_manager |   tag=div | texte='' | class='css-1roawh0'
2026-06-03 17:48:45 | INFO     | contact_manager |   tag=div | texte='' | class='css-1roawh0'
2026-06-03 17:48:45 | WARNING  | contact_manager | Bouton 'Ajouter un message' introuvable.
2026-06-03 17:49:05 | WARNING  | contact_manager | Champ message introuvable.
2026-06-03 17:49:05 | INFO     | contact_manager | Simulation — formulaire rempli, envoi non effectue.
2026-06-03 17:49:05 | ERROR    | excel_manager | Impossible d'enregistrer dans Excel : [Errno 13] Permission denied: 'C:\\Users\\tepep\\Bureau\\bot_agence_immo\\data\\annonces_contactees.xlsx'
2026-06-03 17:49:06 | INFO     | main | [7/10] https://www.seloger.com/annonces/locations/appartement/marseille-13/267189489.htm?serp_view=list&search=distributionTypes%3DRent%26estateTypes%3DApartment%26locations%3DAD08FR4491%26numberOfBedroomsMin%3D2%26numberOfRoomsMin%3D4%26priceMax%3D1600%26spaceMin%3D80#ln=classified_search_results&m=classified_search_results_classified_classified_detail_L
2026-06-03 17:49:06 | INFO     | contact_manager | Contact : https://www.seloger.com/annonces/locations/appartement/marseille-13/267189489.htm?serp_view=list&search=distributionTypes%3DRent%26estateTypes%3DApartment%26locations%3DAD08FR4491%26numberOfBedroomsMin%3D2%26numberOfRoomsMin%3D4%26priceMax%3D1600%26spaceMin%3D80#ln=classified_search_results&m=classified_search_results_classified_classified_detail_L
2026-06-03 17:49:10 | INFO     | contact_manager | Bloqueur Usercentrics installe.
2026-06-03 17:49:28 | INFO     | contact_manager | Annonce enrichie : 'SeLoger' | prix= | surface= | pieces= | ville=
2026-06-03 17:49:28 | INFO     | contact_manager | [DEBUG] URL   : https://www.seloger.com/annonces/locations/appartement/marseille-9eme-13/la-panouse/267189489.htm?search=distributionTypes%3DRent%26estateTypes%3DApartment%26locations%3DAD08FR4491%26numberOfBedroomsMin%3D2%26numberOfRoomsMin%3D4%26priceMax%3D1600%26spaceMin%3D80&serp_view=list#ln=classified_search_results&m=classified_search_results_classified_classified_detail_L
2026-06-03 17:49:28 | INFO     | contact_manager | [DEBUG] Titre : Appartement à louer T5/F5 97 m² 600 € La Panouse Marseille (13009)
2026-06-03 17:49:38 | INFO     | contact_manager | [DEBUG] 1 bouton(s) de contact :
2026-06-03 17:49:38 | INFO     | contact_manager |   texte='Contacter l'agence'
2026-06-03 17:59:54 | INFO     | main | ============================================================
2026-06-03 17:59:54 | INFO     | main | Démarrage du bot SeLoger
2026-06-03 17:59:54 | INFO     | main | Critères : Marseille | location | appartement | <=1600EUR | >=80m2 | >=4p | >=2ch
2026-06-03 17:59:54 | INFO     | main | Messages a envoyer : 10
2026-06-03 17:59:54 | INFO     | main | ============================================================
2026-06-03 17:59:54 | DEBUG    | excel_manager | Fichier Excel existant chargé : C:\Users\tepep\Bureau\bot_agence_immo\data\annonces_contactees.xlsx
2026-06-03 17:59:54 | DEBUG    | excel_manager | 18 lien(s) déjà enregistré(s).
2026-06-03 17:59:54 | INFO     | main | 18 annonce(s) deja contactee(s) en base.
2026-06-03 17:59:54 | INFO     | scraper | Démarrage de Chrome (headless, sans images)...
2026-06-03 17:59:58 | INFO     | scraper | Chrome démarré avec succès.
2026-06-03 17:59:58 | INFO     | city_resolver | Résolution du code SeLoger pour : 'Marseille'
2026-06-03 18:00:28 | INFO     | city_resolver | Recherche du champ ville...
2026-06-03 18:00:28 | INFO     | city_resolver | Champ trouvé avec le sélecteur : input[placeholder='Saisir le lieu ou le code postal']
2026-06-03 18:01:05 | INFO     | city_resolver | Aucun code dans les suggestions — soumission du formulaire...
2026-06-03 18:01:09 | INFO     | city_resolver | Code extrait depuis l'URL : AD08FR4491
2026-06-03 18:01:09 | INFO     | url_builder | URL generee : https://www.seloger.com/classified-search?distributionTypes=Rent&estateTypes=Apartment&locations=AD08FR4491&priceMax=1600&spaceMin=80&numberOfRoomsMin=4&numberOfBedroomsMin=2
2026-06-03 18:01:09 | INFO     | main | Temps recherche : 70.6s
2026-06-03 18:01:09 | INFO     | scraper | URL générée : https://www.seloger.com/classified-search?distributionTypes=Rent&estateTypes=Apartment&locations=AD08FR4491&priceMax=1600&spaceMin=80&numberOfRoomsMin=4&numberOfBedroomsMin=2
2026-06-03 18:01:38 | INFO     | scraper | Collecte des liens — page 1...
2026-06-03 18:01:39 | INFO     | scraper | Page 1 : 30 lien(s) trouvé(s).
2026-06-03 18:01:39 | INFO     | scraper |   -> https://www.seloger.com/annonces/locations/appartement/marseille-13/268728697.htm?serp_view=list&search=distributionTypes%3DRent%26estateTypes%3DApartment%26locations%3DAD08FR4491%26numberOfBedroomsMin%3D2%26numberOfRoomsMin%3D4%26priceMax%3D1600%26spaceMin%3D80#ln=classified_search_results&m=classified_search_results_classified_classified_detail_XL
2026-06-03 18:01:39 | INFO     | scraper |   -> https://www.seloger.com/annonces/locations/appartement/marseille-10eme-13/saint-tronc/269270049.htm?serp_view=list&search=distributionTypes%3DRent%26estateTypes%3DApartment%26locations%3DAD08FR4491%26numberOfBedroomsMin%3D2%26numberOfRoomsMin%3D4%26priceMax%3D1600%26spaceMin%3D80#ln=classified_search_results&m=classified_search_results_classified_classified_detail_L
2026-06-03 18:01:39 | INFO     | scraper |   -> https://www.seloger.com/annonces/locations/appartement/marseille-13/270262717.htm?serp_view=list&search=distributionTypes%3DRent%26estateTypes%3DApartment%26locations%3DAD08FR4491%26numberOfBedroomsMin%3D2%26numberOfRoomsMin%3D4%26priceMax%3D1600%26spaceMin%3D80#ln=classified_search_results&m=classified_search_results_classified_classified_detail_L
2026-06-03 18:02:04 | INFO     | scraper | Total liens collectés : 30
2026-06-03 18:02:04 | INFO     | main | Temps recuperation annonces : 55.0s
2026-06-03 18:02:04 | INFO     | main | Annonces trouvees : 30
2026-06-03 18:02:04 | INFO     | main | 30 nouveaux lien(s) a analyser (0 doublon(s) ignores).
2026-06-03 18:02:04 | INFO     | main | Limite appliquee : 10 annonce(s).
2026-06-03 18:02:04 | INFO     | fetcher | Extraction de 10 fiche(s) — 6 workers parallèles.
2026-06-03 18:02:06 | INFO     | fetcher |   OK : '' |  |  | 
2026-06-03 18:02:06 | INFO     | fetcher |   OK : '' |  |  | 
2026-06-03 18:02:07 | INFO     | fetcher |   OK : '' |  |  | 
2026-06-03 18:02:07 | INFO     | fetcher |   OK : '' |  |  | 
2026-06-03 18:02:07 | INFO     | fetcher |   OK : '' |  |  | 
2026-06-03 18:02:07 | INFO     | fetcher |   OK : '' |  |  | 
2026-06-03 18:02:07 | INFO     | fetcher |   OK : '' |  |  | 
2026-06-03 18:02:08 | INFO     | fetcher |   OK : '' |  |  | 
2026-06-03 18:02:08 | INFO     | fetcher |   OK : '' |  |  | 
2026-06-03 18:02:08 | INFO     | fetcher |   OK : '' |  |  | 
2026-06-03 18:02:08 | INFO     | fetcher | Extraction terminée : 10/10 réussies.
2026-06-03 18:02:08 | INFO     | main | Temps extraction : 3.8s
2026-06-03 18:02:08 | INFO     | main | Annonces analysees : 10
2026-06-03 18:02:08 | INFO     | main | [1/10] https://www.seloger.com/annonces/locations/appartement/marseille-10eme-13/saint-tronc/269270049.htm?serp_view=list&search=distributionTypes%3DRent%26estateTypes%3DApartment%26locations%3DAD08FR4491%26numberOfBedroomsMin%3D2%26numberOfRoomsMin%3D4%26priceMax%3D1600%26spaceMin%3D80#ln=classified_search_results&m=classified_search_results_classified_classified_detail_L
2026-06-03 18:02:08 | INFO     | contact_manager | Contact : https://www.seloger.com/annonces/locations/appartement/marseille-10eme-13/saint-tronc/269270049.htm?serp_view=list&search=distributionTypes%3DRent%26estateTypes%3DApartment%26locations%3DAD08FR4491%26numberOfBedroomsMin%3D2%26numberOfRoomsMin%3D4%26priceMax%3D1600%26spaceMin%3D80#ln=classified_search_results&m=classified_search_results_classified_classified_detail_L
2026-06-03 18:02:10 | INFO     | contact_manager | Bloqueur Usercentrics installe.
2026-06-03 18:02:26 | INFO     | contact_manager | Annonce enrichie : 'SeLoger' | prix= | surface= | pieces= | ville=
2026-06-03 18:02:26 | INFO     | contact_manager | [DEBUG] URL   : https://www.seloger.com/annonces/locations/appartement/marseille-10eme-13/saint-tronc/269270049.htm?serp_view=list&search=distributionTypes%3DRent%26estateTypes%3DApartment%26locations%3DAD08FR4491%26numberOfBedroomsMin%3D2%26numberOfRoomsMin%3D4%26priceMax%3D1600%26spaceMin%3D80#ln=classified_search_results&m=classified_search_results_classified_classified_detail_L
2026-06-03 18:02:26 | INFO     | contact_manager | [DEBUG] Titre : Appartement à louer T4/F4 81 m² 1300 € Saint Tronc Marseille (13010)
2026-06-03 18:02:32 | ERROR    | contact_manager | Erreur pour https://www.seloger.com/annonces/locations/appartement/marseille-10eme-13/saint-tronc/269270049.htm?serp_view=list&search=distributionTypes%3DRent%26estateTypes%3DApartment%26locations%3DAD08FR4491%26numberOfBedroomsMin%3D2%26numberOfRoomsMin%3D4%26priceMax%3D1600%26spaceMin%3D80#ln=classified_search_results&m=classified_search_results_classified_classified_detail_L : Message: invalid selector: Unable to locate an element with the xpath expression //*[contains(.,'Contacter l\'agence')] because of the following error:
SyntaxError: Failed to execute 'evaluate' on 'Document': The string '//*[contains(.,'Contacter l\'agence')]' is not a valid XPath expression.
  (Session info: chrome=148.0.7778.216); For documentation on this error, please visit: https://www.selenium.dev/documentation/webdriver/troubleshooting/errors#invalidselectorexception
Stacktrace:
	chromedriver!GetHandleVerifier [0x7ff6d2d87de5+14895]
	chromedriver!GetHandleVerifier [0x7ff6d2d87e50+14900]
	chromedriver!(No symbol) [0x7ff6d2aed5ad]
	chromedriver!(No symbol) [0x7ff6d2af5521]
	chromedriver!(No symbol) [0x7ff6d2af85e5]
	chromedriver!(No symbol) [0x7ff6d2af86af]
	chromedriver!(No symbol) [0x7ff6d2b46f9e]
	chromedriver!(No symbol) [0x7ff6d2b47b2c]
	chromedriver!(No symbol) [0x7ff6d2b97d17]
	chromedriver!(No symbol) [0x7ff6d2b9486f]
	chromedriver!(No symbol) [0x7ff6d2b39df8]
	chromedriver!(No symbol) [0x7ff6d2b3ace3]
	chromedriver!GetHandleVerifier [0x7ff6d309cc49+3296f9]
	chromedriver!GetHandleVerifier [0x7ff6d3097375+323e25]
	chromedriver!GetHandleVerifier [0x7ff6d30bbc82+348732]
	chromedriver!GetHandleVerifier [0x7ff6d2da6045+32af5]
	chromedriver!GetHandleVerifier [0x7ff6d2daecec+3b79c]
	chromedriver!GetHandleVerifier [0x7ff6d2d91bc4+1e674]
	chromedriver!GetHandleVerifier [0x7ff6d2d91d54+1e804]
	chromedriver!GetHandleVerifier [0x7ff6d2d760e7+2b97]
	KERNEL32!BaseThreadInitThunk [0x7fff96b57374+14]
	ntdll!RtlUserThreadStart [0x7fff97a3cc91+21]

2026-06-03 18:02:32 | WARNING  | scraper | Screenshot : C:\Users\tepep\Bureau\bot_agence_immo\screenshots\erreur_erreur_contact_20260603_180232.png
2026-06-03 18:02:32 | DEBUG    | excel_manager | Annonce enregistrée dans Excel : SeLoger
2026-06-03 18:02:33 | INFO     | main | [2/10] https://www.seloger.com/annonces/locations/appartement/marseille-12eme-13/les-trois-lucs/270646711.htm?serp_view=list&search=distributionTypes%3DRent%26estateTypes%3DApartment%26locations%3DAD08FR4491%26numberOfBedroomsMin%3D2%26numberOfRoomsMin%3D4%26priceMax%3D1600%26spaceMin%3D80#ln=classified_search_results&m=classified_search_results_classified_classified_detail_L
2026-06-03 18:02:33 | INFO     | contact_manager | Contact : https://www.seloger.com/annonces/locations/appartement/marseille-12eme-13/les-trois-lucs/270646711.htm?serp_view=list&search=distributionTypes%3DRent%26estateTypes%3DApartment%26locations%3DAD08FR4491%26numberOfBedroomsMin%3D2%26numberOfRoomsMin%3D4%26priceMax%3D1600%26spaceMin%3D80#ln=classified_search_results&m=classified_search_results_classified_classified_detail_L
2026-06-03 18:02:34 | INFO     | contact_manager | Bloqueur Usercentrics installe.
2026-06-03 18:02:51 | INFO     | contact_manager | Annonce enrichie : 'SeLoger' | prix= | surface= | pieces= | ville=
2026-06-03 18:02:51 | INFO     | contact_manager | [DEBUG] URL   : https://www.seloger.com/annonces/locations/appartement/marseille-12eme-13/les-trois-lucs/270646711.htm?serp_view=list&search=distributionTypes%3DRent%26estateTypes%3DApartment%26locations%3DAD08FR4491%26numberOfBedroomsMin%3D2%26numberOfRoomsMin%3D4%26priceMax%3D1600%26spaceMin%3D80#ln=classified_search_results&m=classified_search_results_classified_classified_detail_L
2026-06-03 18:02:51 | INFO     | contact_manager | [DEBUG] Titre : Appartement à louer T4/F4 81 m² 1330 € Les Trois Lucs Marseille (13012)
2026-06-03 18:02:56 | ERROR    | contact_manager | Erreur pour https://www.seloger.com/annonces/locations/appartement/marseille-12eme-13/les-trois-lucs/270646711.htm?serp_view=list&search=distributionTypes%3DRent%26estateTypes%3DApartment%26locations%3DAD08FR4491%26numberOfBedroomsMin%3D2%26numberOfRoomsMin%3D4%26priceMax%3D1600%26spaceMin%3D80#ln=classified_search_results&m=classified_search_results_classified_classified_detail_L : Message: invalid selector: Unable to locate an element with the xpath expression //*[contains(.,'Contacter l\'agence')] because of the following error:
SyntaxError: Failed to execute 'evaluate' on 'Document': The string '//*[contains(.,'Contacter l\'agence')]' is not a valid XPath expression.
  (Session info: chrome=148.0.7778.216); For documentation on this error, please visit: https://www.selenium.dev/documentation/webdriver/troubleshooting/errors#invalidselectorexception
Stacktrace:
	chromedriver!GetHandleVerifier [0x7ff6d2d87de5+14895]
	chromedriver!GetHandleVerifier [0x7ff6d2d87e50+14900]
	chromedriver!(No symbol) [0x7ff6d2aed5ad]
	chromedriver!(No symbol) [0x7ff6d2af5521]
	chromedriver!(No symbol) [0x7ff6d2af85e5]
	chromedriver!(No symbol) [0x7ff6d2af86af]
	chromedriver!(No symbol) [0x7ff6d2b46f9e]
	chromedriver!(No symbol) [0x7ff6d2b47b2c]
	chromedriver!(No symbol) [0x7ff6d2b97d17]
	chromedriver!(No symbol) [0x7ff6d2b9486f]
	chromedriver!(No symbol) [0x7ff6d2b39df8]
	chromedriver!(No symbol) [0x7ff6d2b3ace3]
	chromedriver!GetHandleVerifier [0x7ff6d309cc49+3296f9]
	chromedriver!GetHandleVerifier [0x7ff6d3097375+323e25]
	chromedriver!GetHandleVerifier [0x7ff6d30bbc82+348732]
	chromedriver!GetHandleVerifier [0x7ff6d2da6045+32af5]
	chromedriver!GetHandleVerifier [0x7ff6d2daecec+3b79c]
	chromedriver!GetHandleVerifier [0x7ff6d2d91bc4+1e674]
	chromedriver!GetHandleVerifier [0x7ff6d2d91d54+1e804]
	chromedriver!GetHandleVerifier [0x7ff6d2d760e7+2b97]
	KERNEL32!BaseThreadInitThunk [0x7fff96b57374+14]
	ntdll!RtlUserThreadStart [0x7fff97a3cc91+21]

2026-06-03 18:02:57 | WARNING  | scraper | Screenshot : C:\Users\tepep\Bureau\bot_agence_immo\screenshots\erreur_erreur_contact_20260603_180256.png
2026-06-03 18:02:57 | DEBUG    | excel_manager | Annonce enregistrée dans Excel : SeLoger
2026-06-03 18:02:57 | INFO     | main | [3/10] https://www.seloger.com/annonces/locations/appartement/marseille-13/268728697.htm?serp_view=list&search=distributionTypes%3DRent%26estateTypes%3DApartment%26locations%3DAD08FR4491%26numberOfBedroomsMin%3D2%26numberOfRoomsMin%3D4%26priceMax%3D1600%26spaceMin%3D80#ln=classified_search_results&m=classified_search_results_classified_classified_detail_XL
2026-06-03 18:02:57 | INFO     | contact_manager | Contact : https://www.seloger.com/annonces/locations/appartement/marseille-13/268728697.htm?serp_view=list&search=distributionTypes%3DRent%26estateTypes%3DApartment%26locations%3DAD08FR4491%26numberOfBedroomsMin%3D2%26numberOfRoomsMin%3D4%26priceMax%3D1600%26spaceMin%3D80#ln=classified_search_results&m=classified_search_results_classified_classified_detail_XL
2026-06-03 18:02:59 | INFO     | contact_manager | Bloqueur Usercentrics installe.
2026-06-03 18:03:15 | INFO     | contact_manager | Annonce enrichie : 'SeLoger' | prix= | surface= | pieces= | ville=
2026-06-03 18:03:15 | INFO     | contact_manager | [DEBUG] URL   : https://www.seloger.com/annonces/locations/appartement/marseille-13/268728697.htm?serp_view=list&search=distributionTypes%3DRent%26estateTypes%3DApartment%26locations%3DAD08FR4491%26numberOfBedroomsMin%3D2%26numberOfRoomsMin%3D4%26priceMax%3D1600%26spaceMin%3D80#ln=classified_search_results&m=classified_search_results_classified_classified_detail_XL
2026-06-03 18:03:15 | INFO     | contact_manager | [DEBUG] Titre : Appartement à louer T4/F4 85 m² 1380 € Mazargues Marseille (13009)
2026-06-03 18:03:21 | ERROR    | contact_manager | Erreur pour https://www.seloger.com/annonces/locations/appartement/marseille-13/268728697.htm?serp_view=list&search=distributionTypes%3DRent%26estateTypes%3DApartment%26locations%3DAD08FR4491%26numberOfBedroomsMin%3D2%26numberOfRoomsMin%3D4%26priceMax%3D1600%26spaceMin%3D80#ln=classified_search_results&m=classified_search_results_classified_classified_detail_XL : Message: invalid selector: Unable to locate an element with the xpath expression //*[contains(.,'Contacter l\'agence')] because of the following error:
SyntaxError: Failed to execute 'evaluate' on 'Document': The string '//*[contains(.,'Contacter l\'agence')]' is not a valid XPath expression.
  (Session info: chrome=148.0.7778.216); For documentation on this error, please visit: https://www.selenium.dev/documentation/webdriver/troubleshooting/errors#invalidselectorexception
Stacktrace:
	chromedriver!GetHandleVerifier [0x7ff6d2d87de5+14895]
	chromedriver!GetHandleVerifier [0x7ff6d2d87e50+14900]
	chromedriver!(No symbol) [0x7ff6d2aed5ad]
	chromedriver!(No symbol) [0x7ff6d2af5521]
	chromedriver!(No symbol) [0x7ff6d2af85e5]
	chromedriver!(No symbol) [0x7ff6d2af86af]
	chromedriver!(No symbol) [0x7ff6d2b46f9e]
	chromedriver!(No symbol) [0x7ff6d2b47b2c]
	chromedriver!(No symbol) [0x7ff6d2b97d17]
	chromedriver!(No symbol) [0x7ff6d2b9486f]
	chromedriver!(No symbol) [0x7ff6d2b39df8]
	chromedriver!(No symbol) [0x7ff6d2b3ace3]
	chromedriver!GetHandleVerifier [0x7ff6d309cc49+3296f9]
	chromedriver!GetHandleVerifier [0x7ff6d3097375+323e25]
	chromedriver!GetHandleVerifier [0x7ff6d30bbc82+348732]
	chromedriver!GetHandleVerifier [0x7ff6d2da6045+32af5]
	chromedriver!GetHandleVerifier [0x7ff6d2daecec+3b79c]
	chromedriver!GetHandleVerifier [0x7ff6d2d91bc4+1e674]
	chromedriver!GetHandleVerifier [0x7ff6d2d91d54+1e804]
	chromedriver!GetHandleVerifier [0x7ff6d2d760e7+2b97]
	KERNEL32!BaseThreadInitThunk [0x7fff96b57374+14]
	ntdll!RtlUserThreadStart [0x7fff97a3cc91+21]

2026-06-03 18:03:21 | WARNING  | scraper | Screenshot : C:\Users\tepep\Bureau\bot_agence_immo\screenshots\erreur_erreur_contact_20260603_180321.png
2026-06-03 18:03:21 | DEBUG    | excel_manager | Annonce enregistrée dans Excel : SeLoger
2026-06-03 18:03:22 | INFO     | main | [4/10] https://www.seloger.com/annonces/locations/appartement/marseille-9eme-13/la-panouse/263183147.htm?serp_view=list&search=distributionTypes%3DRent%26estateTypes%3DApartment%26locations%3DAD08FR4491%26numberOfBedroomsMin%3D2%26numberOfRoomsMin%3D4%26priceMax%3D1600%26spaceMin%3D80#ln=classified_search_results&m=classified_search_results_classified_classified_detail_L
2026-06-03 18:03:22 | INFO     | contact_manager | Contact : https://www.seloger.com/annonces/locations/appartement/marseille-9eme-13/la-panouse/263183147.htm?serp_view=list&search=distributionTypes%3DRent%26estateTypes%3DApartment%26locations%3DAD08FR4491%26numberOfBedroomsMin%3D2%26numberOfRoomsMin%3D4%26priceMax%3D1600%26spaceMin%3D80#ln=classified_search_results&m=classified_search_results_classified_classified_detail_L
2026-06-03 18:03:24 | INFO     | contact_manager | Bloqueur Usercentrics installe.
2026-06-03 18:03:41 | INFO     | contact_manager | Annonce enrichie : 'SeLoger' | prix= | surface= | pieces= | ville=
2026-06-03 18:03:41 | INFO     | contact_manager | [DEBUG] URL   : https://www.seloger.com/annonces/locations/appartement/marseille-13/263183147.htm?search=distributionTypes%3DRent%26estateTypes%3DApartment%26locations%3DAD08FR4491%26numberOfBedroomsMin%3D2%26numberOfRoomsMin%3D4%26priceMax%3D1600%26spaceMin%3D80&serp_view=list#ln=classified_search_results&m=classified_search_results_classified_classified_detail_L
2026-06-03 18:03:41 | INFO     | contact_manager | [DEBUG] Titre : Appartement à louer T5/F5 100 m² 608 € Le Cabot Marseille (13009)
2026-06-03 18:03:47 | ERROR    | contact_manager | Erreur pour https://www.seloger.com/annonces/locations/appartement/marseille-9eme-13/la-panouse/263183147.htm?serp_view=list&search=distributionTypes%3DRent%26estateTypes%3DApartment%26locations%3DAD08FR4491%26numberOfBedroomsMin%3D2%26numberOfRoomsMin%3D4%26priceMax%3D1600%26spaceMin%3D80#ln=classified_search_results&m=classified_search_results_classified_classified_detail_L : Message: invalid selector: Unable to locate an element with the xpath expression //*[contains(.,'Contacter l\'agence')] because of the following error:
SyntaxError: Failed to execute 'evaluate' on 'Document': The string '//*[contains(.,'Contacter l\'agence')]' is not a valid XPath expression.
  (Session info: chrome=148.0.7778.216); For documentation on this error, please visit: https://www.selenium.dev/documentation/webdriver/troubleshooting/errors#invalidselectorexception
Stacktrace:
	chromedriver!GetHandleVerifier [0x7ff6d2d87de5+14895]
	chromedriver!GetHandleVerifier [0x7ff6d2d87e50+14900]
	chromedriver!(No symbol) [0x7ff6d2aed5ad]
	chromedriver!(No symbol) [0x7ff6d2af5521]
	chromedriver!(No symbol) [0x7ff6d2af85e5]
	chromedriver!(No symbol) [0x7ff6d2af86af]
	chromedriver!(No symbol) [0x7ff6d2b46f9e]
	chromedriver!(No symbol) [0x7ff6d2b47b2c]
	chromedriver!(No symbol) [0x7ff6d2b97d17]
	chromedriver!(No symbol) [0x7ff6d2b9486f]
	chromedriver!(No symbol) [0x7ff6d2b39df8]
	chromedriver!(No symbol) [0x7ff6d2b3ace3]
	chromedriver!GetHandleVerifier [0x7ff6d309cc49+3296f9]
	chromedriver!GetHandleVerifier [0x7ff6d3097375+323e25]
	chromedriver!GetHandleVerifier [0x7ff6d30bbc82+348732]
	chromedriver!GetHandleVerifier [0x7ff6d2da6045+32af5]
	chromedriver!GetHandleVerifier [0x7ff6d2daecec+3b79c]
	chromedriver!GetHandleVerifier [0x7ff6d2d91bc4+1e674]
	chromedriver!GetHandleVerifier [0x7ff6d2d91d54+1e804]
	chromedriver!GetHandleVerifier [0x7ff6d2d760e7+2b97]
	KERNEL32!BaseThreadInitThunk [0x7fff96b57374+14]
	ntdll!RtlUserThreadStart [0x7fff97a3cc91+21]

2026-06-03 18:03:47 | WARNING  | scraper | Screenshot : C:\Users\tepep\Bureau\bot_agence_immo\screenshots\erreur_erreur_contact_20260603_180347.png
2026-06-03 18:03:47 | DEBUG    | excel_manager | Annonce enregistrée dans Excel : SeLoger
2026-06-03 18:03:48 | INFO     | main | [5/10] https://www.seloger.com/annonces/locations/appartement/marseille-13/270796453.htm?serp_view=list&search=distributionTypes%3DRent%26estateTypes%3DApartment%26locations%3DAD08FR4491%26numberOfBedroomsMin%3D2%26numberOfRoomsMin%3D4%26priceMax%3D1600%26spaceMin%3D80#ln=classified_search_results&m=classified_search_results_classified_classified_detail_L
2026-06-03 18:03:48 | INFO     | contact_manager | Contact : https://www.seloger.com/annonces/locations/appartement/marseille-13/270796453.htm?serp_view=list&search=distributionTypes%3DRent%26estateTypes%3DApartment%26locations%3DAD08FR4491%26numberOfBedroomsMin%3D2%26numberOfRoomsMin%3D4%26priceMax%3D1600%26spaceMin%3D80#ln=classified_search_results&m=classified_search_results_classified_classified_detail_L
2026-06-03 18:03:50 | INFO     | contact_manager | Bloqueur Usercentrics installe.
2026-06-03 18:04:07 | INFO     | contact_manager | Annonce enrichie : 'SeLoger' | prix= | surface= | pieces= | ville=
2026-06-03 18:04:07 | INFO     | contact_manager | [DEBUG] URL   : https://www.seloger.com/annonces/locations/appartement/marseille-12eme-13/les-caillols/270796453.htm?search=distributionTypes%3DRent%26estateTypes%3DApartment%26locations%3DAD08FR4491%26numberOfBedroomsMin%3D2%26numberOfRoomsMin%3D4%26priceMax%3D1600%26spaceMin%3D80&serp_view=list#ln=classified_search_results&m=classified_search_results_classified_classified_detail_L
2026-06-03 18:04:07 | INFO     | contact_manager | [DEBUG] Titre : Appartement à louer T5/F5 84.42 m² 1280 € Les Caillols Marseille (13012)
2026-06-03 18:04:12 | ERROR    | contact_manager | Erreur pour https://www.seloger.com/annonces/locations/appartement/marseille-13/270796453.htm?serp_view=list&search=distributionTypes%3DRent%26estateTypes%3DApartment%26locations%3DAD08FR4491%26numberOfBedroomsMin%3D2%26numberOfRoomsMin%3D4%26priceMax%3D1600%26spaceMin%3D80#ln=classified_search_results&m=classified_search_results_classified_classified_detail_L : Message: invalid selector: Unable to locate an element with the xpath expression //*[contains(.,'Contacter l\'agence')] because of the following error:
SyntaxError: Failed to execute 'evaluate' on 'Document': The string '//*[contains(.,'Contacter l\'agence')]' is not a valid XPath expression.
  (Session info: chrome=148.0.7778.216); For documentation on this error, please visit: https://www.selenium.dev/documentation/webdriver/troubleshooting/errors#invalidselectorexception
Stacktrace:
	chromedriver!GetHandleVerifier [0x7ff6d2d87de5+14895]
	chromedriver!GetHandleVerifier [0x7ff6d2d87e50+14900]
	chromedriver!(No symbol) [0x7ff6d2aed5ad]
	chromedriver!(No symbol) [0x7ff6d2af5521]
	chromedriver!(No symbol) [0x7ff6d2af85e5]
	chromedriver!(No symbol) [0x7ff6d2af86af]
	chromedriver!(No symbol) [0x7ff6d2b46f9e]
	chromedriver!(No symbol) [0x7ff6d2b47b2c]
	chromedriver!(No symbol) [0x7ff6d2b97d17]
	chromedriver!(No symbol) [0x7ff6d2b9486f]
	chromedriver!(No symbol) [0x7ff6d2b39df8]
	chromedriver!(No symbol) [0x7ff6d2b3ace3]
	chromedriver!GetHandleVerifier [0x7ff6d309cc49+3296f9]
	chromedriver!GetHandleVerifier [0x7ff6d3097375+323e25]
	chromedriver!GetHandleVerifier [0x7ff6d30bbc82+348732]
	chromedriver!GetHandleVerifier [0x7ff6d2da6045+32af5]
	chromedriver!GetHandleVerifier [0x7ff6d2daecec+3b79c]
	chromedriver!GetHandleVerifier [0x7ff6d2d91bc4+1e674]
	chromedriver!GetHandleVerifier [0x7ff6d2d91d54+1e804]
	chromedriver!GetHandleVerifier [0x7ff6d2d760e7+2b97]
	KERNEL32!BaseThreadInitThunk [0x7fff96b57374+14]
	ntdll!RtlUserThreadStart [0x7fff97a3cc91+21]

2026-06-03 18:04:12 | WARNING  | scraper | Screenshot : C:\Users\tepep\Bureau\bot_agence_immo\screenshots\erreur_erreur_contact_20260603_180412.png
2026-06-03 18:04:12 | DEBUG    | excel_manager | Annonce enregistrée dans Excel : SeLoger
2026-06-03 18:04:13 | INFO     | main | [6/10] https://www.seloger.com/annonces/locations/appartement/marseille-13/270262717.htm?serp_view=list&search=distributionTypes%3DRent%26estateTypes%3DApartment%26locations%3DAD08FR4491%26numberOfBedroomsMin%3D2%26numberOfRoomsMin%3D4%26priceMax%3D1600%26spaceMin%3D80#ln=classified_search_results&m=classified_search_results_classified_classified_detail_L
2026-06-03 18:04:13 | INFO     | contact_manager | Contact : https://www.seloger.com/annonces/locations/appartement/marseille-13/270262717.htm?serp_view=list&search=distributionTypes%3DRent%26estateTypes%3DApartment%26locations%3DAD08FR4491%26numberOfBedroomsMin%3D2%26numberOfRoomsMin%3D4%26priceMax%3D1600%26spaceMin%3D80#ln=classified_search_results&m=classified_search_results_classified_classified_detail_L
2026-06-03 18:04:16 | INFO     | contact_manager | Bloqueur Usercentrics installe.
2026-06-03 18:04:33 | INFO     | contact_manager | Annonce enrichie : 'SeLoger' | prix= | surface= | pieces= | ville=
2026-06-03 18:04:33 | INFO     | contact_manager | [DEBUG] URL   : https://www.seloger.com/annonces/locations/appartement/marseille-1er-13/noailles/270262717.htm?search=distributionTypes%3DRent%26estateTypes%3DApartment%26locations%3DAD08FR4491%26numberOfBedroomsMin%3D2%26numberOfRoomsMin%3D4%26priceMax%3D1600%26spaceMin%3D80&serp_view=list#ln=classified_search_results&m=classified_search_results_classified_classified_detail_L
2026-06-03 18:04:33 | INFO     | contact_manager | [DEBUG] Titre : Appartement à louer T7/F7 162.9 m² 710 € Noailles Marseille (13001)
2026-06-03 18:04:38 | ERROR    | contact_manager | Erreur pour https://www.seloger.com/annonces/locations/appartement/marseille-13/270262717.htm?serp_view=list&search=distributionTypes%3DRent%26estateTypes%3DApartment%26locations%3DAD08FR4491%26numberOfBedroomsMin%3D2%26numberOfRoomsMin%3D4%26priceMax%3D1600%26spaceMin%3D80#ln=classified_search_results&m=classified_search_results_classified_classified_detail_L : Message: invalid selector: Unable to locate an element with the xpath expression //*[contains(.,'Contacter l\'agence')] because of the following error:
SyntaxError: Failed to execute 'evaluate' on 'Document': The string '//*[contains(.,'Contacter l\'agence')]' is not a valid XPath expression.
  (Session info: chrome=148.0.7778.216); For documentation on this error, please visit: https://www.selenium.dev/documentation/webdriver/troubleshooting/errors#invalidselectorexception
Stacktrace:
	chromedriver!GetHandleVerifier [0x7ff6d2d87de5+14895]
	chromedriver!GetHandleVerifier [0x7ff6d2d87e50+14900]
	chromedriver!(No symbol) [0x7ff6d2aed5ad]
	chromedriver!(No symbol) [0x7ff6d2af5521]
	chromedriver!(No symbol) [0x7ff6d2af85e5]
	chromedriver!(No symbol) [0x7ff6d2af86af]
	chromedriver!(No symbol) [0x7ff6d2b46f9e]
	chromedriver!(No symbol) [0x7ff6d2b47b2c]
	chromedriver!(No symbol) [0x7ff6d2b97d17]
	chromedriver!(No symbol) [0x7ff6d2b9486f]
	chromedriver!(No symbol) [0x7ff6d2b39df8]
	chromedriver!(No symbol) [0x7ff6d2b3ace3]
	chromedriver!GetHandleVerifier [0x7ff6d309cc49+3296f9]
	chromedriver!GetHandleVerifier [0x7ff6d3097375+323e25]
	chromedriver!GetHandleVerifier [0x7ff6d30bbc82+348732]
	chromedriver!GetHandleVerifier [0x7ff6d2da6045+32af5]
	chromedriver!GetHandleVerifier [0x7ff6d2daecec+3b79c]
	chromedriver!GetHandleVerifier [0x7ff6d2d91bc4+1e674]
	chromedriver!GetHandleVerifier [0x7ff6d2d91d54+1e804]
	chromedriver!GetHandleVerifier [0x7ff6d2d760e7+2b97]
	KERNEL32!BaseThreadInitThunk [0x7fff96b57374+14]
	ntdll!RtlUserThreadStart [0x7fff97a3cc91+21]

2026-06-03 18:04:38 | WARNING  | scraper | Screenshot : C:\Users\tepep\Bureau\bot_agence_immo\screenshots\erreur_erreur_contact_20260603_180438.png
2026-06-03 18:04:38 | DEBUG    | excel_manager | Annonce enregistrée dans Excel : SeLoger
2026-06-03 18:04:40 | INFO     | main | [7/10] https://www.seloger.com/annonces/locations/appartement/marseille-13/267189487.htm?serp_view=list&search=distributionTypes%3DRent%26estateTypes%3DApartment%26locations%3DAD08FR4491%26numberOfBedroomsMin%3D2%26numberOfRoomsMin%3D4%26priceMax%3D1600%26spaceMin%3D80#ln=classified_search_results&m=classified_search_results_classified_classified_detail_L
2026-06-03 18:04:40 | INFO     | contact_manager | Contact : https://www.seloger.com/annonces/locations/appartement/marseille-13/267189487.htm?serp_view=list&search=distributionTypes%3DRent%26estateTypes%3DApartment%26locations%3DAD08FR4491%26numberOfBedroomsMin%3D2%26numberOfRoomsMin%3D4%26priceMax%3D1600%26spaceMin%3D80#ln=classified_search_results&m=classified_search_results_classified_classified_detail_L
2026-06-03 18:04:42 | INFO     | contact_manager | Bloqueur Usercentrics installe.
2026-06-03 18:09:53 | INFO     | main | ============================================================
2026-06-03 18:09:53 | INFO     | main | Démarrage du bot SeLoger
2026-06-03 18:09:53 | INFO     | main | Critères : Marseille | location | appartement | <=1600EUR | >=80m2 | >=4p | >=2ch
2026-06-03 18:09:53 | INFO     | main | Messages a envoyer : 10
2026-06-03 18:09:53 | INFO     | main | ============================================================
2026-06-03 18:09:53 | DEBUG    | excel_manager | Fichier Excel existant chargé : C:\Users\tepep\Bureau\bot_agence_immo\data\annonces_contactees.xlsx
2026-06-03 18:09:53 | DEBUG    | excel_manager | 24 lien(s) déjà enregistré(s).
2026-06-03 18:09:53 | INFO     | main | 24 annonce(s) deja contactee(s) en base.
2026-06-03 18:09:53 | INFO     | scraper | Démarrage de Chrome (headless, sans images)...
2026-06-03 18:09:57 | INFO     | scraper | Chrome démarré avec succès.
2026-06-03 18:09:57 | INFO     | city_resolver | Résolution du code SeLoger pour : 'Marseille'
2026-06-03 18:10:24 | INFO     | city_resolver | Recherche du champ ville...
2026-06-03 18:10:24 | INFO     | city_resolver | Champ trouvé avec le sélecteur : input[placeholder='Saisir le lieu ou le code postal']
2026-06-03 18:11:01 | INFO     | city_resolver | Aucun code dans les suggestions — soumission du formulaire...
2026-06-03 18:11:05 | INFO     | city_resolver | Code extrait depuis l'URL : AD08FR4491
2026-06-03 18:11:05 | INFO     | url_builder | URL generee : https://www.seloger.com/classified-search?distributionTypes=Rent&estateTypes=Apartment&locations=AD08FR4491&priceMax=1600&spaceMin=80&numberOfRoomsMin=4&numberOfBedroomsMin=2
2026-06-03 18:11:05 | INFO     | main | Temps recherche : 68.5s
2026-06-03 18:11:05 | INFO     | scraper | URL générée : https://www.seloger.com/classified-search?distributionTypes=Rent&estateTypes=Apartment&locations=AD08FR4491&priceMax=1600&spaceMin=80&numberOfRoomsMin=4&numberOfBedroomsMin=2
2026-06-03 18:11:34 | INFO     | scraper | Collecte des liens — page 1...
2026-06-03 18:11:35 | INFO     | scraper | Page 1 : 30 lien(s) trouvé(s).
2026-06-03 18:11:35 | INFO     | scraper |   -> https://www.seloger.com/annonces/locations/appartement/marseille-13/268728697.htm?serp_view=list&search=distributionTypes%3DRent%26estateTypes%3DApartment%26locations%3DAD08FR4491%26numberOfBedroomsMin%3D2%26numberOfRoomsMin%3D4%26priceMax%3D1600%26spaceMin%3D80#ln=classified_search_results&m=classified_search_results_classified_classified_detail_XL
2026-06-03 18:11:35 | INFO     | scraper |   -> https://www.seloger.com/annonces/locations/appartement/marseille-10eme-13/saint-tronc/269270049.htm?serp_view=list&search=distributionTypes%3DRent%26estateTypes%3DApartment%26locations%3DAD08FR4491%26numberOfBedroomsMin%3D2%26numberOfRoomsMin%3D4%26priceMax%3D1600%26spaceMin%3D80#ln=classified_search_results&m=classified_search_results_classified_classified_detail_L
2026-06-03 18:11:35 | INFO     | scraper |   -> https://www.seloger.com/annonces/locations/appartement/marseille-13/270262717.htm?serp_view=list&search=distributionTypes%3DRent%26estateTypes%3DApartment%26locations%3DAD08FR4491%26numberOfBedroomsMin%3D2%26numberOfRoomsMin%3D4%26priceMax%3D1600%26spaceMin%3D80#ln=classified_search_results&m=classified_search_results_classified_classified_detail_L
2026-06-03 18:12:00 | INFO     | scraper | Total liens collectés : 30
2026-06-03 18:12:00 | INFO     | main | Temps recuperation annonces : 54.4s
2026-06-03 18:12:00 | INFO     | main | Annonces trouvees : 30
2026-06-03 18:12:00 | INFO     | main | 24 nouveaux lien(s) a analyser (6 doublon(s) ignores).
2026-06-03 18:12:00 | INFO     | main | Limite appliquee : 10 annonce(s).
2026-06-03 18:12:00 | INFO     | fetcher | Extraction de 10 fiche(s) — 6 workers parallèles.
2026-06-03 18:12:02 | INFO     | fetcher |   OK : '' |  |  | 
2026-06-03 18:12:02 | INFO     | fetcher |   OK : '' |  |  | 
2026-06-03 18:12:03 | INFO     | fetcher |   OK : '' |  |  | 
2026-06-03 18:12:03 | INFO     | fetcher |   OK : '' |  |  | 
2026-06-03 18:12:03 | INFO     | fetcher |   OK : '' |  |  | 
2026-06-03 18:12:03 | INFO     | fetcher |   OK : '' |  |  | 
2026-06-03 18:12:03 | INFO     | fetcher |   OK : '' |  |  | 
2026-06-03 18:12:03 | INFO     | fetcher |   OK : '' |  |  | 
2026-06-03 18:12:03 | INFO     | fetcher |   OK : '' |  |  | 
2026-06-03 18:12:03 | INFO     | fetcher |   OK : '' |  |  | 
2026-06-03 18:12:03 | INFO     | fetcher | Extraction terminée : 10/10 réussies.
2026-06-03 18:12:03 | INFO     | main | Temps extraction : 3.6s
2026-06-03 18:12:03 | INFO     | main | Annonces analysees : 10
2026-06-03 18:12:03 | INFO     | main | [1/10] https://www.seloger.com/annonces/locations/appartement/marseille-13/262971937.htm?serp_view=list&search=distributionTypes%3DRent%26estateTypes%3DApartment%26locations%3DAD08FR4491%26numberOfBedroomsMin%3D2%26numberOfRoomsMin%3D4%26priceMax%3D1600%26spaceMin%3D80#ln=classified_search_results&m=classified_search_results_classified_classified_detail_L
2026-06-03 18:12:03 | INFO     | contact_manager | Contact : https://www.seloger.com/annonces/locations/appartement/marseille-13/262971937.htm?serp_view=list&search=distributionTypes%3DRent%26estateTypes%3DApartment%26locations%3DAD08FR4491%26numberOfBedroomsMin%3D2%26numberOfRoomsMin%3D4%26priceMax%3D1600%26spaceMin%3D80#ln=classified_search_results&m=classified_search_results_classified_classified_detail_L
2026-06-03 18:12:05 | INFO     | contact_manager | Bloqueur Usercentrics installe.
2026-06-03 18:12:22 | INFO     | contact_manager | Annonce enrichie : 'SeLoger' | prix= | surface= | pieces= | ville=
2026-06-03 18:12:22 | INFO     | contact_manager | [DEBUG] URL   : https://www.seloger.com/annonces/locations/appartement/marseille-13/262971937.htm?serp_view=list&search=distributionTypes%3DRent%26estateTypes%3DApartment%26locations%3DAD08FR4491%26numberOfBedroomsMin%3D2%26numberOfRoomsMin%3D4%26priceMax%3D1600%26spaceMin%3D80#ln=classified_search_results&m=classified_search_results_classified_classified_detail_L
2026-06-03 18:12:22 | INFO     | contact_manager | [DEBUG] Titre : Appartement à louer T5/F5 100 m² 605 € Le Cabot Marseille (13009)
2026-06-03 18:12:23 | INFO     | contact_manager | Bouton contact trouve (strategie 1) : 'Acheter Louer Construire Bureaux & Commerces Emprunter Déménager Vendre Déposer une annonce Se connecter 1 / 18 Afficher les 18 photos Plans du bien Visite 3D Colocation à louer 605 € 605 € /mois charges comprises Réservez votre déménageur 5 pièces   •  4 chambres   •  100 m²   •  27ème étage Le Cabot, Marseille 9ème arrondissement (13009) Calculer un temps de trajet Pour aller au travail, à l’école, ... Chambre en colocation appartement meublé OQORO Afficher le numéro Mon message Bonjour, votre bien m'intéresse ! Organisez-vous des visites ? Merci En ajoutant un message personnalisé, vous avez plus de chances d'obtenir une réponse. Prénom* Nom de famille* Email* Téléphone* Je suis propriétaire d'un bien Je ne souhaite pas recevoir d'annonces similaires et de suggestions personnalisées de SeLoger par  Email / SMS Contacter l'agence .cls-1{fill:#010101} .cls-2{fill:#010101} .cls-1{fill:#010101} .cls-1{fill:#010101} .cls-1{fill:#010101} Téléchargez notre application iPhone dans l'App Store. Téléchargez notre application sur Google Play Store. AVIV logo Facebook 𝕏 (Twitter) Youtube LinkedIn Instagram TikTok'
2026-06-03 18:12:39 | INFO     | contact_manager | Clic bouton contact effectue.
2026-06-03 18:12:39 | INFO     | contact_manager | Formulaire contact apparu.
2026-06-03 18:12:39 | INFO     | contact_manager | [DEBUG] Inventaire champs :
2026-06-03 18:12:39 | INFO     | contact_manager |   <input> name='firstName' | type='text' | placeholder='' | id='react-aria-_R_18pmhaecqkm_'
2026-06-03 18:12:39 | INFO     | contact_manager |   <input> name='lastName' | type='text' | placeholder='' | id='react-aria-_R_28pmhaecqkm_'
2026-06-03 18:12:39 | INFO     | contact_manager |   <input> name='email' | type='email' | placeholder='exemple@domain.com' | id='react-aria-_R_cpmhaecqkm_'
2026-06-03 18:12:39 | INFO     | contact_manager |   <input> name='' | type='text' | placeholder='' | id='react-aria1676290380-_r_4_'
2026-06-03 18:12:39 | INFO     | contact_manager |   <input> name='' | type='text' | placeholder='' | id='react-aria-_R_gpmhaecqkm_'
2026-06-03 18:12:39 | INFO     | contact_manager |   <input> name='phoneNumber' | type='hidden' | placeholder='' | id=''
2026-06-03 18:12:39 | INFO     | contact_manager |   <input> name='isOwner' | type='checkbox' | placeholder='' | id=''
2026-06-03 18:12:39 | INFO     | contact_manager |   <input> name='newsletterOptout' | type='checkbox' | placeholder='' | id=''
2026-06-03 18:12:39 | INFO     | contact_manager |   <input> name='firstName' | type='text' | placeholder='' | id='react-aria1676290380-_r_m_'
2026-06-03 18:12:39 | INFO     | contact_manager |   <input> name='lastName' | type='text' | placeholder='' | id='react-aria1676290380-_r_r_'
2026-06-03 18:12:39 | INFO     | contact_manager |   <input> name='email' | type='email' | placeholder='exemple@domain.com' | id='react-aria1676290380-_r_10_'
2026-06-03 18:12:39 | INFO     | contact_manager |   <input> name='' | type='text' | placeholder='' | id='react-aria1676290380-_r_1d_'
2026-06-03 18:12:39 | INFO     | contact_manager |   <input> name='' | type='text' | placeholder='' | id='react-aria1676290380-_r_15_'
2026-06-03 18:12:39 | INFO     | contact_manager |   <input> name='phoneNumber' | type='hidden' | placeholder='' | id=''
2026-06-03 18:12:39 | INFO     | contact_manager |   <input> name='isOwner' | type='checkbox' | placeholder='' | id=''
2026-06-03 18:12:39 | INFO     | contact_manager |   <input> name='newsletterOptout' | type='checkbox' | placeholder='' | id=''
2026-06-03 18:12:39 | INFO     | contact_manager |   <textarea> name='message' | type='textarea' | placeholder='' | id='react-aria-_R_54pmhaecqkm_'
2026-06-03 18:12:39 | INFO     | contact_manager |   <textarea> name='message' | type='textarea' | placeholder='' | id='react-aria1676290380-_r_h_'
2026-06-03 18:12:44 | INFO     | contact_manager | [DEBUG] Total : 18 champ(s)
2026-06-03 18:12:50 | WARNING  | contact_manager | Champ prenom introuvable.
2026-06-03 18:12:55 | WARNING  | contact_manager | Champ nom introuvable.
2026-06-03 18:17:17 | INFO     | main | ============================================================
2026-06-03 18:17:17 | INFO     | main | Démarrage du bot SeLoger
2026-06-03 18:17:17 | INFO     | main | Critères : Marseille | location | appartement | <=1600EUR | >=80m2 | >=4p | >=2ch
2026-06-03 18:17:17 | INFO     | main | Messages a envoyer : 10
2026-06-03 18:17:17 | INFO     | main | ============================================================
2026-06-03 18:17:17 | DEBUG    | excel_manager | Fichier Excel existant chargé : C:\Users\tepep\Bureau\bot_agence_immo\data\annonces_contactees.xlsx
2026-06-03 18:17:17 | DEBUG    | excel_manager | 24 lien(s) déjà enregistré(s).
2026-06-03 18:17:17 | INFO     | main | 24 annonce(s) deja contactee(s) en base.
2026-06-03 18:17:17 | INFO     | scraper | Démarrage de Chrome (headless, sans images)...
2026-06-03 18:17:21 | INFO     | scraper | Chrome démarré avec succès.
2026-06-03 18:17:21 | INFO     | city_resolver | Résolution du code SeLoger pour : 'Marseille'
2026-06-03 18:17:49 | INFO     | city_resolver | Recherche du champ ville...
2026-06-03 18:17:49 | INFO     | city_resolver | Champ trouvé avec le sélecteur : input[placeholder='Saisir le lieu ou le code postal']
2026-06-03 18:18:27 | INFO     | city_resolver | Aucun code dans les suggestions — soumission du formulaire...
2026-06-03 18:18:31 | INFO     | city_resolver | Code extrait depuis l'URL : AD08FR4491
2026-06-03 18:18:31 | INFO     | url_builder | URL generee : https://www.seloger.com/classified-search?distributionTypes=Rent&estateTypes=Apartment&locations=AD08FR4491&priceMax=1600&spaceMin=80&numberOfRoomsMin=4&numberOfBedroomsMin=2
2026-06-03 18:18:31 | INFO     | main | Temps recherche : 70.0s
2026-06-03 18:18:31 | INFO     | scraper | URL générée : https://www.seloger.com/classified-search?distributionTypes=Rent&estateTypes=Apartment&locations=AD08FR4491&priceMax=1600&spaceMin=80&numberOfRoomsMin=4&numberOfBedroomsMin=2
2026-06-03 18:19:01 | INFO     | scraper | Collecte des liens — page 1...
2026-06-03 18:19:02 | INFO     | scraper | Page 1 : 30 lien(s) trouvé(s).
2026-06-03 18:19:02 | INFO     | scraper |   -> https://www.seloger.com/annonces/locations/appartement/marseille-13/268728697.htm?serp_view=list&search=distributionTypes%3DRent%26estateTypes%3DApartment%26locations%3DAD08FR4491%26numberOfBedroomsMin%3D2%26numberOfRoomsMin%3D4%26priceMax%3D1600%26spaceMin%3D80#ln=classified_search_results&m=classified_search_results_classified_classified_detail_XL
2026-06-03 18:19:02 | INFO     | scraper |   -> https://www.seloger.com/annonces/locations/appartement/marseille-10eme-13/saint-tronc/269270049.htm?serp_view=list&search=distributionTypes%3DRent%26estateTypes%3DApartment%26locations%3DAD08FR4491%26numberOfBedroomsMin%3D2%26numberOfRoomsMin%3D4%26priceMax%3D1600%26spaceMin%3D80#ln=classified_search_results&m=classified_search_results_classified_classified_detail_L
2026-06-03 18:19:02 | INFO     | scraper |   -> https://www.seloger.com/annonces/locations/appartement/marseille-13/270262717.htm?serp_view=list&search=distributionTypes%3DRent%26estateTypes%3DApartment%26locations%3DAD08FR4491%26numberOfBedroomsMin%3D2%26numberOfRoomsMin%3D4%26priceMax%3D1600%26spaceMin%3D80#ln=classified_search_results&m=classified_search_results_classified_classified_detail_L
2026-06-03 18:19:27 | INFO     | scraper | Total liens collectés : 30
2026-06-03 18:19:27 | INFO     | main | Temps recuperation annonces : 55.6s
2026-06-03 18:19:27 | INFO     | main | Annonces trouvees : 30
2026-06-03 18:19:27 | INFO     | main | 24 nouveaux lien(s) a analyser (6 doublon(s) ignores).
2026-06-03 18:19:27 | INFO     | main | Limite appliquee : 10 annonce(s).
2026-06-03 18:19:27 | INFO     | fetcher | Extraction de 10 fiche(s) — 6 workers parallèles.
2026-06-03 18:19:30 | INFO     | fetcher |   OK : '' |  |  | 
2026-06-03 18:19:30 | INFO     | fetcher |   OK : '' |  |  | 
2026-06-03 18:19:30 | INFO     | fetcher |   OK : '' |  |  | 
2026-06-03 18:19:30 | INFO     | fetcher |   OK : '' |  |  | 
2026-06-03 18:19:31 | INFO     | fetcher |   OK : '' |  |  | 
2026-06-03 18:19:31 | INFO     | fetcher |   OK : '' |  |  | 
2026-06-03 18:19:31 | INFO     | fetcher |   OK : '' |  |  | 
2026-06-03 18:19:31 | INFO     | fetcher |   OK : '' |  |  | 
2026-06-03 18:19:31 | INFO     | fetcher |   OK : '' |  |  | 
2026-06-03 18:19:31 | INFO     | fetcher |   OK : '' |  |  | 
2026-06-03 18:19:31 | INFO     | fetcher | Extraction terminée : 10/10 réussies.
2026-06-03 18:19:31 | INFO     | main | Temps extraction : 4.2s
2026-06-03 18:19:31 | INFO     | main | Annonces analysees : 10
2026-06-03 18:19:31 | INFO     | main | [1/10] https://www.seloger.com/annonces/locations/appartement/marseille-13/262971937.htm?serp_view=list&search=distributionTypes%3DRent%26estateTypes%3DApartment%26locations%3DAD08FR4491%26numberOfBedroomsMin%3D2%26numberOfRoomsMin%3D4%26priceMax%3D1600%26spaceMin%3D80#ln=classified_search_results&m=classified_search_results_classified_classified_detail_L
2026-06-03 18:19:31 | INFO     | contact_manager | Contact : https://www.seloger.com/annonces/locations/appartement/marseille-13/262971937.htm?serp_view=list&search=distributionTypes%3DRent%26estateTypes%3DApartment%26locations%3DAD08FR4491%26numberOfBedroomsMin%3D2%26numberOfRoomsMin%3D4%26priceMax%3D1600%26spaceMin%3D80#ln=classified_search_results&m=classified_search_results_classified_classified_detail_L
2026-06-03 18:19:34 | INFO     | contact_manager | Bloqueur Usercentrics installe.
